Price,Processor,RAM_GB,RAM_Type,CPU_bit,OS,Screen_size_cm,Storage_Capacity_SSD_GB,Storage_Capacity_HDD_GB,Storage_Capacity_EMMC_GB,Brand,Graphics_capa_GB,Years_warranty,Ratings
36990.0,Intel Core i3,8,DDR4,64,Windows 11,35.56,256.0,0.0,0.0,Lenovo,0.5,2,4.2
39990.0,Intel Core i3,8,DDR4,64,Windows 11,39.62,512.0,0.0,0.0,Lenovo,0.5,2,4.2
32990.0,Intel Core i3,8,DDR4,64,Windows 11,39.62,512.0,0.0,0.0,ASUS,0.5,1,4.3
49990.0,AMD Ryzen 5 Hexa Core,8,DDR4,64,Windows 10,39.62,512.0,0.0,0.0,HP,4.0,1,4.4
49990.0,Intel Core i5,8,DDR4,64,Windows 11,39.62,512.0,0.0,0.0,ASUS,4.0,1,4.4
36990.0,Intel Core i3,8,DDR4,64,Windows 11,35.56,256.0,0.0,0.0,HP,0.5,1,4.2
38990.0,Intel OptaneIntel Core i3,8,DDR4,64,Windows 11,39.62,256.0,1024.0,0.0,DELL,0.5,1,4.3
39990.0,Intel Core i5,8,DDR4,64,Windows 11,39.62,512.0,0.0,0.0,RedmiBook,0.5,1,4.1
46990.0,Intel Core i3,8,DDR4,64,Windows 10,35.56,256.0,0.0,0.0,realme,0.5,1,4.4
44990.0,AMD Ryzen 7 Quad Core,16,DDR4,64,Windows 11,35.56,512.0,0.0,0.0,ASUS,0.5,1,4.1
59990.0,AMD Ryzen 5 Hexa Core,8,DDR4,64,Windows 11,39.62,512.0,0.0,0.0,HP,4.0,1,4.4
38705.0,AMD Ryzen 5 Quad Core,8,DDR4,64,Windows 11,39.62,512.0,0.0,0.0,Lenovo,0.5,2,4.2
32990.0,Intel Core i3,8,DDR4,64,Windows 11,39.62,256.0,0.0,0.0,ASUS,0.5,1,4.3
52990.0,AMD Ryzen 5 Hexa Core,8,DDR4,64,Windows 11,43.94,512.0,0.0,0.0,ASUS,0.5,1,4.4
29990.0,Intel Core i3,8,DDR4,64,Windows 11,39.62,256.0,0.0,0.0,acer,0.5,1,4.3
196990.0,AMD Ryzen 9 Octa Core,16,DDR5,64,Windows 11,39.62,1024.0,0.0,0.0,ASUS,0.5,1,4.5
47990.0,Intel Core i5,8,DDR4,64,Windows 11,39.62,256.0,1024.0,0.0,ASUS,0.5,1,4.3
45990.0,Intel Core i5,8,DDR4,64,Windows 11,39.62,512.0,0.0,0.0,ASUS,0.5,1,4.3
47990.0,AMD Ryzen 5 Hexa Core,8,DDR4,64,Windows 11,39.62,512.0,0.0,0.0,MSI,4.0,1,4.4
85990.0,AMD Ryzen 7 Octa Core,16,DDR4,64,Windows 11,39.62,1024.0,0.0,0.0,ASUS,4.0,1,4.6
88990.0,Apple M1,8,DDR4,64,Mac OS,33.78,256.0,0.0,0.0,APPLE,0.5,1,4.7
40990.0,Intel Core i3,8,DDR4,64,Windows 11,35.56,512.0,0.0,0.0,HP,0.5,1,4.2
19490.0,Intel Celeron Dual Core,4,LPDDR4,64,DOS,39.62,256.0,256.0,0.0,Lenovo,0.5,1,3.7
35590.0,AMD Ryzen 3 Dual Core,8,DDR4,64,Windows 11,39.62,512.0,0.0,0.0,Lenovo,0.5,2,4.2
65990.0,Intel Core i5,8,DDR4,64,Windows 11,39.62,512.0,0.0,0.0,HP,4.0,1,4.3
39990.0,Intel Core i5,8,DDR4,64,Windows 11,39.62,512.0,0.0,0.0,RedmiBook,0.5,1,4.1
39990.0,Intel Core i3,8,DDR4,64,Windows 11,39.62,512.0,0.0,0.0,Lenovo,0.5,2,4.2
196990.0,AMD Ryzen 9 Octa Core,16,DDR5,64,Windows 11,39.62,1024.0,0.0,0.0,ASUS,0.5,1,4.5
58990.0,Intel Core i5,16,DDR4,64,Windows 11,39.62,512.0,0.0,0.0,acer,4.0,1,4.3
46990.0,Intel Core i3,8,DDR4,64,Windows 10,35.56,256.0,0.0,0.0,realme,0.5,1,4.4
38705.0,AMD Ryzen 5 Quad Core,8,DDR4,64,Windows 11,39.62,512.0,0.0,0.0,Lenovo,0.5,2,4.2
85990.0,AMD Ryzen 7 Octa Core,16,DDR4,64,Windows 11,39.62,1024.0,0.0,0.0,ASUS,4.0,1,4.6
24990.0,AMD Ryzen 3 Dual Core,8,DDR4,64,Windows 11,39.62,256.0,0.0,0.0,acer,0.5,1,4.2
47990.0,AMD Ryzen 5 Hexa Core,8,DDR4,64,Windows 11,39.62,512.0,0.0,0.0,acer,4.0,1,4.4
73990.0,AMD Ryzen 7 Octa Core,8,DDR4,64,Windows 11,43.94,512.0,0.0,0.0,ASUS,0.5,1,4.4
53490.0,Intel Core i5,8,DDR4,64,Windows 11,39.62,512.0,0.0,0.0,Lenovo,0.5,2,4.2
35590.0,AMD Ryzen 3 Dual Core,8,DDR4,64,Windows 11,39.62,512.0,0.0,0.0,Lenovo,0.5,2,4.2
150990.0,AMD Ryzen 9 Octa Core,16,DDR4,64,Windows 11,39.62,1024.0,0.0,0.0,ASUS,0.5,1,4.9
51990.0,Intel Core i5,8,DDR4,64,Windows 11,39.62,512.0,0.0,0.0,Lenovo,4.0,1,4.3
66990.0,Intel Core i5,16,DDR4,64,Windows 11,35.56,512.0,0.0,0.0,ASUS,0.5,1,4.7
36990.0,Intel Core i3,8,DDR4,64,Windows 11,35.56,256.0,0.0,0.0,Lenovo,0.5,2,4.2
194990.0,AMD Ryzen 9 Octa Core,16,DDR5,64,Windows 11,39.62,1024.0,0.0,0.0,ASUS,8.0,1,4.5
51990.0,AMD Ryzen 5 Hexa Core,16,DDR4,64,Windows 11,39.62,512.0,0.0,0.0,acer,4.0,1,4.4
25990.0,AMD Athlon Dual Core,8,DDR4,64,Windows 11,35.56,256.0,0.0,0.0,HP,0.5,1,3.9
35990.0,AMD Ryzen 5 Quad Core,8,DDR4,64,Windows 11,39.62,512.0,0.0,0.0,acer,0.5,1,4.2
43990.0,Intel Core i5,8,DDR4,64,Windows 11,39.62,512.0,0.0,0.0,ASUS,0.5,1,4.2
44990.0,AMD Ryzen 5 Hexa Core,8,DDR4,64,Windows 11,39.62,512.0,0.0,0.0,Lenovo,0.5,2,4.3
64490.0,AMD Ryzen 5 Hexa Core,8,DDR4,64,Windows 11,39.62,512.0,0.0,0.0,Lenovo,0.5,1,3.7
40990.0,Intel Core i3,8,DDR4,64,Windows 11,39.62,256.0,0.0,0.0,ASUS,0.5,1,4.4
38990.0,Intel Core i3,8,DDR4,64,Windows 11,35.56,512.0,0.0,0.0,ASUS,0.5,1,4.4
36990.0,Intel Core i3,8,DDR4,64,Windows 11,35.56,256.0,0.0,0.0,Lenovo,0.5,2,4.2
39990.0,Intel Core i5,8,DDR4,64,Windows 11,39.62,512.0,0.0,0.0,RedmiBook,0.5,1,4.1
58990.0,Intel Core i5,8,DDR4,64,Windows 11,39.62,512.0,0.0,0.0,HP,0.5,1,4.2
59990.0,Intel Evo Core i5,8,DDR4,64,Windows 10,35.56,512.0,0.0,0.0,realme,0.5,1,4.4
47990.0,Intel Core i5,8,DDR4,64,Windows 10,39.62,512.0,0.0,0.0,acer,4.0,1,4.4
37499.0,AMD Ryzen 3 Quad Core,8,DDR4,64,Windows 11,39.62,512.0,0.0,0.0,HP,0.5,1,4.2
196990.0,AMD Ryzen 9 Octa Core,16,DDR5,64,Windows 11,39.62,1024.0,0.0,0.0,ASUS,0.5,1,4.5
38705.0,AMD Ryzen 5 Quad Core,8,DDR4,64,Windows 11,39.62,512.0,0.0,0.0,Lenovo,0.5,2,4.2
94990.0,AMD Ryzen 9 Octa Core,8,DDR4,64,Windows 10,35.56,1024.0,0.0,0.0,ASUS,0.5,1,4.1
32990.0,Intel Core i3,8,DDR4,64,Windows 11,39.62,512.0,0.0,0.0,ASUS,0.5,1,4.3
85990.0,AMD Ryzen 7 Octa Core,16,DDR4,64,Windows 11,39.62,1024.0,0.0,0.0,ASUS,4.0,1,4.6
35590.0,AMD Ryzen 3 Dual Core,8,DDR4,64,Windows 11,39.62,512.0,0.0,0.0,Lenovo,0.5,2,4.2
23990.0,Intel Celeron Dual Core,4,DDR4,64,Windows 11,35.56,256.0,0.0,0.0,ASUS,0.5,1,4.0
48990.0,AMD Ryzen 5 Hexa Core,16,DDR4,64,Windows 11,35.56,512.0,0.0,0.0,HP,0.5,1,4.3
139990.0,Apple M2,8,Unified Memory,64,Mac OS,33.78,512.0,0.0,0.0,APPLE,0.5,1,4.7
89990.0,AMD Ryzen 7 Octa Core,16,DDR4,64,Windows 11,39.62,512.0,0.0,0.0,ASUS,0.5,1,4.6
150990.0,AMD Ryzen 9 Octa Core,16,DDR4,64,Windows 11,39.62,1024.0,0.0,0.0,ASUS,0.5,1,4.9
39990.0,Intel Core i3,8,DDR4,64,Windows 11,39.62,512.0,0.0,0.0,Lenovo,0.5,2,4.2
59990.0,AMD Ryzen 5 Hexa Core,8,DDR4,64,Windows 11,39.62,1024.0,0.0,0.0,ASUS,4.0,1,4.5
70990.0,AMD Ryzen 5 Hexa Core,16,DDR4,64,Windows 11,39.62,512.0,0.0,0.0,DELL,4.0,1,4.6
194990.0,AMD Ryzen 9 Octa Core,16,DDR5,64,Windows 11,39.62,1024.0,0.0,0.0,ASUS,8.0,1,4.5
44990.0,AMD Ryzen 5 Hexa Core,8,DDR4,64,Windows 11,39.62,512.0,0.0,0.0,Lenovo,0.5,2,4.3
22990.0,Intel Celeron Quad Core,8,LPDDR4X,64,Windows 11,35.56,256.0,0.0,0.0,Infinix,0.5,1,4.2
46990.0,AMD Ryzen 5 Hexa Core,8,DDR4,64,Windows 11,39.62,512.0,0.0,0.0,HP,0.5,1,4.3
50990.0,Intel Core i5,8,DDR4,64,Windows 10,39.62,256.0,1024.0,0.0,ASUS,0.5,1,4.3
28990.0,Intel Core i3,8,LPDDR4X,64,Windows 11,35.56,256.0,0.0,0.0,Infinix,0.5,1,4.2
39990.0,Intel Core i5,8,DDR4,64,Windows 11,39.62,512.0,0.0,0.0,RedmiBook,0.5,1,4.1
38705.0,AMD Ryzen 5 Quad Core,8,DDR4,64,Windows 11,39.62,512.0,0.0,0.0,Lenovo,0.5,2,4.2
84990.0,Intel Core i7,16,DDR4,64,Windows 10,39.62,512.0,0.0,0.0,MSI,6.0,2,4.3
181990.0,Apple M1 Pro,16,Unified Memory,64,Mac OS,36.07,512.0,0.0,0.0,APPLE,0.5,1,4.8
196990.0,AMD Ryzen 9 Octa Core,16,DDR5,64,Windows 11,39.62,1024.0,0.0,0.0,ASUS,0.5,1,4.5
85990.0,AMD Ryzen 7 Octa Core,16,DDR4,64,Windows 11,39.62,1024.0,0.0,0.0,ASUS,4.0,1,4.6
109990.0,AMD Ryzen 9 Octa Core,16,DDR4,64,Windows 11,39.62,1024.0,0.0,0.0,MSI,0.5,1,4.6
32990.0,Qualcomm Snapdragon 7c Gen 2,4,LPDDR4X,64,Windows 11,35.56,0.0,0.0,128.0,SAMSUNG,0.5,1,4.4
37990.0,Intel Core i5,16,LPDDR4X,64,Windows 11,35.56,512.0,0.0,0.0,Infinix,0.5,1,4.1
139990.0,Apple M2,8,Unified Memory,64,Mac OS,34.54,512.0,0.0,0.0,APPLE,0.5,1,5.0
35590.0,AMD Ryzen 3 Dual Core,8,DDR4,64,Windows 11,39.62,512.0,0.0,0.0,Lenovo,0.5,2,4.2
150990.0,AMD Ryzen 9 Octa Core,16,DDR4,64,Windows 11,39.62,1024.0,0.0,0.0,ASUS,0.5,1,4.9
29990.0,Intel Core i3,4,DDR4,64,Windows 11,39.62,256.0,0.0,0.0,Lenovo,0.5,1,4.4
19490.0,Intel Celeron Dual Core,4,DDR4,64,Chrome,35.56,0.0,0.0,64.0,Lenovo,0.5,1,4.2
36990.0,Intel Core i3,8,DDR4,64,Windows 11,35.56,256.0,0.0,0.0,Lenovo,0.5,2,4.2
73490.0,AMD Ryzen 7 Octa Core,8,DDR4,64,Windows 11,39.62,512.0,0.0,0.0,Lenovo,0.5,1,4.5
52990.0,AMD Ryzen 5 Hexa Core,8,DDR4,64,Windows 11,39.62,256.0,1024.0,0.0,ASUS,0.5,1,4.4
41890.0,Intel Core i3,8,DDR4,64,Windows 11,39.62,512.0,0.0,0.0,HP,0.5,1,4.2
30428.0,Intel Pentium Silver,8,DDR4,64,Windows 11,39.62,256.0,0.0,0.0,DELL,0.5,1,4.2
34990.0,Intel Core i3,8,DDR4,64,Windows 11,39.62,512.0,0.0,0.0,acer,0.5,1,4.1
19490.0,Intel Celeron Dual Core,4,DDR4,64,Chrome,35.56,0.0,0.0,64.0,Lenovo,0.5,1,4.2
29990.0,Intel Core i3,4,DDR4,64,Windows 11,39.62,256.0,0.0,0.0,Lenovo,0.5,1,4.4
88990.0,Apple M1,8,DDR4,64,Mac OS,33.78,256.0,0.0,0.0,APPLE,0.5,1,4.7
36990.0,Intel Core i3,8,DDR4,64,Windows 11,35.56,256.0,0.0,0.0,Lenovo,0.5,2,4.2
65990.0,Intel Core i7,8,DDR4,64,Windows 10,39.62,512.0,0.0,0.0,MSI,4.0,2,4.4
33490.0,Intel Core i3,8,DDR4,64,Windows 11,39.62,512.0,0.0,0.0,ASUS,0.5,1,4.1
60990.0,Intel Core i5,16,DDR4,64,Windows 11,35.56,512.0,0.0,0.0,HP,0.5,1,4.1
39990.0,Intel Core i3,8,DDR4,64,Windows 11,39.62,512.0,0.0,0.0,Lenovo,0.5,2,4.2
46990.0,AMD Ryzen 5 Hexa Core,8,DDR4,64,Windows 11,39.62,512.0,0.0,0.0,HP,0.5,1,4.3
59990.0,AMD Ryzen 7 Octa Core,16,DDR4,64,Windows 11,39.62,512.0,0.0,0.0,ASUS,0.5,1,4.3
114990.0,Intel Core i7,16,DDR4,64,Windows 10,39.62,1024.0,0.0,0.0,MSI,6.0,2,4.2
39990.0,Intel Core i5,8,DDR4,64,Windows 11,39.62,512.0,0.0,0.0,RedmiBook,0.5,1,4.1
119990.0,Intel Core i7,16,DDR4,64,Windows 10,40.64,1024.0,0.0,0.0,ASUS,4.0,1,4.3
42990.0,Intel Core i5,8,LPDDR4X,64,Windows 11,39.62,512.0,0.0,0.0,Infinix,0.5,1,4.3
89990.0,Intel Core i5,16,LPDDR5,64,Windows 11,39.62,512.0,0.0,0.0,ASUS,4.0,1,4.6
38705.0,AMD Ryzen 5 Quad Core,8,DDR4,64,Windows 11,39.62,512.0,0.0,0.0,Lenovo,0.5,2,4.2
79990.0,AMD Ryzen 7 Octa Core,8,DDR4,64,Windows 11,39.62,512.0,0.0,0.0,MSI,0.5,1,4.5
70990.0,Intel Core i5,8,DDR4,64,Windows 11,39.62,1024.0,0.0,0.0,ASUS,4.0,1,4.8
33900.0,Intel Core i3,8,DDR4,64,Windows 11,39.62,256.0,0.0,0.0,Lenovo,0.5,1,4.2
196990.0,AMD Ryzen 9 Octa Core,16,DDR5,64,Windows 11,39.62,1024.0,0.0,0.0,ASUS,0.5,1,4.5
59990.0,Intel Evo Core i5,8,DDR4,64,Windows 10,35.56,512.0,0.0,0.0,realme,0.5,1,4.4
52990.0,Intel Core i7,16,LPDDR4X,64,Windows 11,39.62,512.0,0.0,0.0,Infinix,0.5,1,4.8
124990.0,Apple M1,16,DDR4,64,Mac OS,33.78,512.0,0.0,0.0,APPLE,0.5,1,4.7
85990.0,AMD Ryzen 7 Octa Core,16,DDR4,64,Windows 11,39.62,1024.0,0.0,0.0,ASUS,4.0,1,4.6
31990.0,Intel Core i3,8,DDR4,64,Windows 11,39.62,256.0,0.0,0.0,RedmiBook,0.5,1,4.2
66990.0,AMD Ryzen 5 Hexa Core,16,DDR4,64,Windows 11,39.62,512.0,0.0,0.0,acer,4.0,1,4.3
89081.0,AMD Ryzen 7 Octa Core,16,DDR4,64,Windows 11,39.62,512.0,0.0,0.0,DELL,4.0,1,5.0
36990.0,Intel Core i3,8,DDR4,64,Windows 11,35.56,256.0,0.0,0.0,Lenovo,0.5,2,4.2
104990.0,Apple M1,8,DDR4,64,Mac OS,33.78,512.0,0.0,0.0,APPLE,0.5,1,4.7
53490.0,Intel Core i5,8,DDR4,64,Windows 11,39.62,512.0,0.0,0.0,Lenovo,0.5,2,4.2
45990.0,Intel Core i3,8,LPDDR4X,64,Windows 11,35.56,256.0,0.0,0.0,ASUS,0.5,1,4.5
39990.0,Intel Core i3,8,DDR4,64,Windows 11,39.62,512.0,0.0,0.0,Lenovo,0.5,2,4.2
45990.0,Intel Core i3,8,DDR4,64,Windows 11,39.62,512.0,0.0,0.0,ASUS,0.5,1,4.5
51990.0,Intel Core i5,8,DDR4,64,Windows 11,39.62,512.0,0.0,0.0,MSI,4.0,2,4.4
75990.0,AMD Ryzen 7 Octa Core,16,DDR4,64,Windows 11,39.62,512.0,0.0,0.0,HP,4.0,1,4.3
39990.0,Intel Core i5,8,DDR4,64,Windows 11,39.62,512.0,0.0,0.0,RedmiBook,0.5,1,4.1
36990.0,Intel Core i3,8,DDR4,64,Windows 11,39.62,256.0,0.0,0.0,Lenovo,0.5,2,4.2
78800.0,Intel Core i5,16,DDR4,64,Windows 11,35.56,512.0,0.0,0.0,HP,0.5,1,3.7
29390.0,AMD Athlon Dual Core,8,DDR4,64,Windows 11,39.62,512.0,0.0,0.0,HP,0.5,1,4.2
38705.0,AMD Ryzen 5 Quad Core,8,DDR4,64,Windows 11,39.62,512.0,0.0,0.0,Lenovo,0.5,2,4.2
30990.0,Intel Core i3,8,LPDDR4X,64,Windows 11,35.56,256.0,0.0,0.0,Infinix,0.5,1,4.3
62490.0,Intel Core i5,16,DDR4,64,Windows 11,39.62,512.0,0.0,0.0,Lenovo,0.5,2,4.1
89990.0,Intel Core i7,16,DDR4,64,Windows 11,35.56,512.0,0.0,0.0,ASUS,0.5,1,3.8
196990.0,AMD Ryzen 9 Octa Core,16,DDR5,64,Windows 11,39.62,1024.0,0.0,0.0,ASUS,0.5,1,4.5
58899.0,Intel Core i5,8,DDR4,64,Windows 11,39.62,512.0,0.0,0.0,HP,0.5,1,4.1
85990.0,Intel Core i5,16,DDR4,64,Windows 11,39.62,512.0,0.0,0.0,MSI,4.0,2,4.5
33099.0,AMD Ryzen 3 Dual Core,8,DDR4,64,Windows 11,35.56,0.0,1024.0,0.0,DELL,0.5,1,3.8
85990.0,AMD Ryzen 7 Octa Core,16,DDR4,64,Windows 11,39.62,1024.0,0.0,0.0,ASUS,4.0,1,4.6
73490.0,AMD Ryzen 7 Octa Core,8,DDR4,64,Windows 11,39.62,512.0,0.0,0.0,Lenovo,0.5,1,4.5
63490.0,Intel Core i5,8,DDR4,64,Windows 11,39.62,256.0,1024.0,0.0,Lenovo,4.0,1,4.3
36990.0,Intel Core i3,8,DDR4,64,Windows 11,35.56,256.0,0.0,0.0,Lenovo,0.5,2,4.2
39990.0,Intel Core i3,8,DDR4,64,Windows 11,39.62,512.0,0.0,0.0,Lenovo,0.5,2,4.2
38990.0,AMD Ryzen 5 Quad Core,8,DDR4,32,Windows 11,35.56,512.0,0.0,0.0,ASUS,0.5,1,4.2
67990.0,Intel Core i5,8,DDR4,64,Windows 11,40.89,512.0,0.0,0.0,HP,4.0,1,4.3
39990.0,Intel Core i5,8,DDR4,64,Windows 11,39.62,512.0,0.0,0.0,RedmiBook,0.5,1,4.1
196990.0,AMD Ryzen 9 Octa Core,16,DDR5,64,Windows 11,39.62,1024.0,0.0,0.0,ASUS,0.5,1,4.5
39790.0,Intel Core i3,8,DDR4,64,Windows 11,39.62,512.0,0.0,0.0,HP,0.5,1,4.2
241990.0,Apple M1 Pro,16,Unified Memory,64,Mac OS,41.15,1024.0,0.0,0.0,APPLE,0.5,1,4.8
104990.0,Apple M1,8,DDR4,64,Mac OS,33.78,512.0,0.0,0.0,APPLE,0.5,1,4.6
42190.0,AMD Ryzen 3 Dual Core,8,DDR4,64,Windows 11,35.56,512.0,0.0,0.0,DELL,0.5,1,4.1
38705.0,AMD Ryzen 5 Quad Core,8,DDR4,64,Windows 11,39.62,512.0,0.0,0.0,Lenovo,0.5,2,4.2
85990.0,AMD Ryzen 7 Octa Core,16,DDR4,64,Windows 11,39.62,1024.0,0.0,0.0,ASUS,4.0,1,4.6
39990.0,Intel Core i3,8,DDR4,64,Windows 11,35.56,512.0,0.0,0.0,ASUS,0.5,1,4.2
99990.0,Intel Core i7,16,DDR5,64,Windows 11,39.62,1024.0,0.0,0.0,ASUS,4.0,1,4.5
35590.0,AMD Ryzen 3 Dual Core,8,DDR4,64,Windows 11,39.62,512.0,0.0,0.0,Lenovo,0.5,2,4.2
150990.0,AMD Ryzen 9 Octa Core,16,DDR4,64,Windows 11,39.62,1024.0,0.0,0.0,ASUS,0.5,1,4.9
309490.0,Apple M1 Max,32,Unified Memory,64,Mac OS,41.15,1024.0,0.0,0.0,APPLE,0.5,1,4.3
64990.0,Intel Core i5,16,DDR4,64,Windows 11,39.62,256.0,1024.0,0.0,ASUS,0.5,1,4.4
89990.0,AMD Ryzen 7 Octa Core,16,DDR4,64,Windows 11,39.62,512.0,0.0,0.0,ASUS,0.5,1,4.6
85990.0,AMD Ryzen 7 Octa Core,16,DDR4,64,Windows 10,43.94,512.0,0.0,0.0,ASUS,4.0,1,4.5
194990.0,AMD Ryzen 9 Octa Core,16,DDR5,64,Windows 11,39.62,1024.0,0.0,0.0,ASUS,8.0,1,4.5
44990.0,AMD Ryzen 5 Hexa Core,8,DDR4,64,Windows 11,39.62,512.0,0.0,0.0,Lenovo,0.5,2,4.3
222990.0,Apple M1 Pro,16,Unified Memory,64,Mac OS,36.07,1024.0,0.0,0.0,APPLE,0.5,1,4.8
15990.0,Intel Celeron Dual Core,4,LPDDR4,64,DOS,35.81,128.0,0.0,0.0,Ultimus,0.5,1,3.0
36990.0,Intel Core i3,8,DDR4,64,Windows 11,35.56,256.0,0.0,0.0,Lenovo,0.5,2,4.2
39990.0,Intel Core i3,8,DDR4,64,Windows 11,39.62,512.0,0.0,0.0,Lenovo,0.5,2,4.2
45900.0,Intel OptaneIntel Core i3,8,DDR4,64,Windows 11,39.62,256.0,1024.0,0.0,DELL,0.5,1,4.3
79990.0,Intel Core i7,16,LPDDR4X,64,Windows 11,33.78,512.0,0.0,0.0,ASUS,0.5,1,4.3
56990.0,Intel Core i5,8,DDR4,64,Windows 11,35.56,512.0,0.0,0.0,ASUS,0.5,1,4.4
34990.0,AMD Ryzen 3 Dual Core,8,DDR4,64,Windows 11,39.62,256.0,0.0,0.0,DELL,0.5,1,4.2
39990.0,Intel Core i5,8,DDR4,64,Windows 11,39.62,512.0,0.0,0.0,RedmiBook,0.5,1,4.1
196990.0,AMD Ryzen 9 Octa Core,16,DDR5,64,Windows 11,39.62,1024.0,0.0,0.0,ASUS,0.5,1,4.5
43580.0,Intel Core i3,8,DDR4,64,Windows 11,39.62,512.0,0.0,0.0,DELL,0.5,1,3.4
74990.0,AMD Ryzen 5 Hexa Core,16,DDR4,64,Windows 10,33.78,512.0,0.0,0.0,Lenovo,0.5,3,5.0
38705.0,AMD Ryzen 5 Quad Core,8,DDR4,64,Windows 11,39.62,512.0,0.0,0.0,Lenovo,0.5,2,4.2
85990.0,AMD Ryzen 7 Octa Core,16,DDR4,64,Windows 11,39.62,1024.0,0.0,0.0,ASUS,4.0,1,4.6
37490.0,Intel Core i3,8,DDR4,64,Windows 10,39.62,512.0,0.0,0.0,Lenovo,0.5,2,4.3
20990.0,Intel Celeron Quad Core,4,LPDDR4X,64,Windows 11,35.56,128.0,0.0,0.0,Infinix,0.5,1,4.2
109990.0,Intel Core i7,16,DDR4,64,Windows 11,39.62,512.0,0.0,0.0,MSI,6.0,2,4.6
71990.0,Intel Core i5,16,LPDDR4,64,Windows 11,33.78,512.0,0.0,0.0,ASUS,0.5,1,4.7
35590.0,AMD Ryzen 3 Dual Core,8,DDR4,64,Windows 11,39.62,512.0,0.0,0.0,Lenovo,0.5,2,4.2
150990.0,AMD Ryzen 9 Octa Core,16,DDR4,64,Windows 11,39.62,1024.0,0.0,0.0,ASUS,0.5,1,4.9
32990.0,Intel Core i3,8,LPDDR4X,64,Windows 11,35.56,512.0,0.0,0.0,Infinix,0.5,1,4.3
43990.0,AMD Ryzen 5 Hexa Core,8,DDR4,64,Windows 10,35.56,512.0,0.0,0.0,MSI,0.5,1,4.5
73490.0,AMD Ryzen 7 Octa Core,8,DDR4,64,Windows 11,39.62,512.0,0.0,0.0,Lenovo,0.5,1,4.5
194990.0,AMD Ryzen 9 Octa Core,16,DDR5,64,Windows 11,39.62,1024.0,0.0,0.0,ASUS,8.0,1,4.5
25990.0,AMD Ryzen 3 Dual Core,8,DDR4,64,Windows 11,35.56,256.0,0.0,0.0,acer,0.5,1,3.9
122990.0,Intel Core i9,16,DDR4,64,Windows 10,39.62,1024.0,0.0,0.0,ASUS,6.0,1,4.4
68990.0,Intel Core i5,16,DDR4,64,Windows 11,39.62,512.0,0.0,0.0,acer,4.0,1,4.3
59990.0,Intel Core i5,8,DDR4,64,Windows 11,39.62,512.0,0.0,0.0,acer,4.0,1,4.3
36990.0,Intel Core i3,8,DDR4,64,Windows 11,35.56,256.0,0.0,0.0,Lenovo,0.5,2,4.2
39990.0,Intel Core i3,8,DDR4,64,Windows 11,39.62,512.0,0.0,0.0,Lenovo,0.5,2,4.2
39990.0,AMD Ryzen 5 Quad Core,8,DDR4,64,Windows 10,39.62,512.0,0.0,0.0,acer,0.5,1,4.4
37990.0,Intel Core i3,8,DDR4,64,Windows 10,39.62,0.0,1024.0,0.0,ASUS,0.5,1,4.0
39990.0,Intel Core i5,8,DDR4,64,Windows 11,39.62,512.0,0.0,0.0,RedmiBook,0.5,1,4.1
196990.0,AMD Ryzen 9 Octa Core,16,DDR5,64,Windows 11,39.62,1024.0,0.0,0.0,ASUS,0.5,1,4.5
25950.0,Intel Celeron Dual Core,4,DDR4,64,Windows 10,35.56,256.0,0.0,0.0,Lenovo,0.5,1,4.0
64999.0,Intel Core i5,16,LPDDR4X,64,Windows 11,35.56,512.0,0.0,0.0,realme,0.5,1,4.2
60990.0,AMD Ryzen 5 Hexa Core,8,DDR4,64,Windows 11,39.62,512.0,0.0,0.0,HP,4.0,1,4.4
36990.0,Intel Core i3,8,DDR4,64,Windows 11,39.62,512.0,0.0,0.0,ASUS,0.5,1,4.5
38705.0,AMD Ryzen 5 Quad Core,8,DDR4,64,Windows 11,39.62,512.0,0.0,0.0,Lenovo,0.5,2,4.2
85990.0,AMD Ryzen 7 Octa Core,16,DDR4,64,Windows 11,39.62,1024.0,0.0,0.0,ASUS,4.0,1,4.6
59990.0,Intel Core i5,8,LPDDR4X,64,Windows 11,39.62,256.0,0.0,0.0,SAMSUNG,0.5,1,4.6
222990.0,Apple M1 Pro,16,Unified Memory,64,Mac OS,41.15,512.0,0.0,0.0,APPLE,0.5,1,4.8
35590.0,AMD Ryzen 3 Dual Core,8,DDR4,64,Windows 11,39.62,512.0,0.0,0.0,Lenovo,0.5,2,4.2
150990.0,AMD Ryzen 9 Octa Core,16,DDR4,64,Windows 11,39.62,1024.0,0.0,0.0,ASUS,0.5,1,4.9
235283.0,Intel Core i9,16,DDR5,64,Windows 11,39.62,1024.0,0.0,0.0,DELL,8.0,1,4.2
38990.0,Intel Core i3,8,DDR4,64,Windows 11,39.62,512.0,0.0,0.0,DELL,0.5,1,4.0
67990.0,AMD Ryzen 7 Octa Core,16,DDR4,64,Windows 11,39.62,512.0,0.0,0.0,ASUS,4.0,1,4.5
79990.0,Intel Core i5,16,DDR4,64,Windows 11,39.62,512.0,0.0,0.0,MSI,4.0,2,4.5
36990.0,Intel Core i3,8,DDR4,64,Windows 11,35.56,256.0,0.0,0.0,Lenovo,0.5,2,4.2
39990.0,Intel Core i5,8,DDR4,64,Windows 11,39.62,512.0,0.0,0.0,RedmiBook,0.5,1,4.1
67990.0,AMD Ryzen 7 Octa Core,16,DDR4,64,Windows 11,39.62,512.0,0.0,0.0,ASUS,4.0,1,4.5
79990.0,Intel Core i5,16,DDR4,64,Windows 11,39.62,512.0,0.0,0.0,MSI,4.0,2,4.5
196990.0,AMD Ryzen 9 Octa Core,16,DDR5,64,Windows 11,39.62,1024.0,0.0,0.0,ASUS,0.5,1,4.5
38705.0,AMD Ryzen 5 Quad Core,8,DDR4,64,Windows 11,39.62,512.0,0.0,0.0,Lenovo,0.5,2,4.2
89990.0,Intel Core i5,16,LPDDR5,64,Windows 11,39.62,512.0,0.0,0.0,ASUS,4.0,1,4.3
241990.0,Intel Core i9,32,DDR5,64,Windows 11,40.64,1024.0,0.0,0.0,ASUS,8.0,1,4.7
43490.0,Intel Core i5,8,DDR4,64,Windows 11,35.56,512.0,0.0,0.0,ASUS,0.5,1,4.3
46990.0,Intel Core i3,8,DDR4,64,Windows 10,35.56,256.0,0.0,0.0,realme,0.5,1,4.4
85990.0,AMD Ryzen 7 Octa Core,16,DDR4,64,Windows 11,39.62,1024.0,0.0,0.0,ASUS,4.0,1,4.6
35590.0,AMD Ryzen 3 Dual Core,8,DDR4,64,Windows 11,39.62,512.0,0.0,0.0,Lenovo,0.5,2,4.2
40990.0,AMD Ryzen 5 Quad Core,8,DDR4,64,Windows 10,39.62,512.0,0.0,0.0,Vaio,0.5,2,4.0
94990.0,Apple M1,8,DDR4,64,Mac OS,33.78,256.0,0.0,0.0,APPLE,0.5,1,4.7
150990.0,AMD Ryzen 9 Octa Core,16,DDR4,64,Windows 11,39.62,1024.0,0.0,0.0,ASUS,0.5,1,4.9
39990.0,Intel Core i3,8,DDR4,64,Windows 11,39.62,512.0,0.0,0.0,Lenovo,0.5,2,4.2
114990.0,Intel Core i7,16,DDR4,64,Windows 10,39.62,1024.0,0.0,0.0,MSI,6.0,2,4.5
121990.0,Apple M2,8,Unified Memory,64,Mac OS,33.78,256.0,0.0,0.0,APPLE,0.5,1,4.6
37990.0,Intel Core i3,8,DDR4,64,Windows 10,39.62,0.0,1024.0,0.0,ASUS,0.5,1,4.0
27990.0,Intel Pentium Silver,8,DDR4,64,Windows 11,35.56,256.0,0.0,0.0,ASUS,0.5,1,4.1
194990.0,AMD Ryzen 9 Octa Core,16,DDR5,64,Windows 11,39.62,1024.0,0.0,0.0,ASUS,8.0,1,4.5
44990.0,AMD Ryzen 5 Hexa Core,8,DDR4,64,Windows 11,39.62,512.0,0.0,0.0,Lenovo,0.5,2,4.3
40190.0,AMD Ryzen 3 Dual Core,8,DDR4,64,Windows 11,39.62,512.0,0.0,0.0,DELL,0.5,1,4.2
34990.0,AMD Ryzen 3 Dual Core,8,DDR4,64,Windows 11,39.62,512.0,0.0,0.0,Lenovo,0.5,1,4.1
39990.0,Intel Core i3,8,DDR4,64,Windows 11,39.62,512.0,0.0,0.0,Lenovo,0.5,2,4.2
39990.0,Intel Core i5,8,DDR4,64,Windows 11,39.62,512.0,0.0,0.0,RedmiBook,0.5,1,4.1
94990.0,Intel Core i7,16,LPDDR4X,64,Windows 10,35.56,1024.0,0.0,0.0,ASUS,0.5,1,4.7
69990.0,Intel Core i5,8,DDR4,64,Windows 11,39.62,512.0,0.0,0.0,Lenovo,4.0,1,4.4
59990.0,Intel Core i5,8,DDR4,64,Windows 11,39.62,512.0,0.0,0.0,ASUS,4.0,1,4.3
66990.0,Intel Core i5,16,DDR4,64,Windows 11,35.56,512.0,0.0,0.0,ASUS,0.5,1,5.0
196990.0,AMD Ryzen 9 Octa Core,16,DDR5,64,Windows 11,39.62,1024.0,0.0,0.0,ASUS,0.5,1,4.5
38705.0,AMD Ryzen 5 Quad Core,8,DDR4,64,Windows 11,39.62,512.0,0.0,0.0,Lenovo,0.5,2,4.2
104990.0,Intel Core i7,16,LPDDR4X,64,Windows 11,33.78,512.0,0.0,0.0,ASUS,0.5,1,4.5
54900.0,Intel Core i3,8,DDR4,64,Windows 11,35.56,256.0,0.0,0.0,DELL,0.5,1,4.3
85990.0,AMD Ryzen 7 Octa Core,16,DDR4,64,Windows 11,39.62,1024.0,0.0,0.0,ASUS,4.0,1,4.6
35590.0,AMD Ryzen 3 Dual Core,8,DDR4,64,Windows 11,39.62,512.0,0.0,0.0,Lenovo,0.5,2,4.2
136990.0,AMD Ryzen 7 Octa Core,16,DDR4,64,Windows 11,40.64,1024.0,0.0,0.0,Lenovo,6.0,3,4.7
48184.0,AMD Ryzen 5 Dual Core,8,DDR4,64,Windows 11,39.62,512.0,0.0,0.0,DELL,0.5,1,4.3
74990.0,Intel Core i5,16,DDR4,64,Windows 11,35.56,512.0,0.0,0.0,ASUS,0.5,1,4.5
60990.0,Intel Core i5,8,DDR4,64,Windows 11,39.62,512.0,0.0,0.0,acer,0.5,1,4.8
150990.0,AMD Ryzen 9 Octa Core,16,DDR4,64,Windows 11,39.62,1024.0,0.0,0.0,ASUS,0.5,1,4.9
36990.0,Intel Core i3,8,DDR4,64,Windows 11,35.56,256.0,0.0,0.0,Lenovo,0.5,2,4.2
49990.0,AMD Ryzen 5 Hexa Core,8,DDR4,64,Windows 11,35.56,512.0,0.0,0.0,HP,0.5,1,4.2
67990.0,Intel Core i5,8,DDR4,64,Windows 11,39.62,512.0,0.0,0.0,DELL,4.0,1,4.4
194990.0,AMD Ryzen 9 Octa Core,16,DDR5,64,Windows 11,39.62,1024.0,0.0,0.0,ASUS,8.0,1,4.5
44990.0,AMD Ryzen 5 Hexa Core,8,DDR4,64,Windows 11,39.62,512.0,0.0,0.0,Lenovo,0.5,2,4.3
58000.0,Intel Core i5,8,DDR4,64,Windows 10,35.56,512.0,0.0,0.0,Lenovo,0.5,2,4.3
29990.0,Intel Core i3,8,LPDDR4X,64,Windows 11,35.56,256.0,0.0,0.0,Infinix,0.5,1,4.3
114990.0,AMD Ryzen 7 Octa Core,16,LPDDR5,64,Windows 11,34.04,1024.0,0.0,0.0,ASUS,0.5,1,4.5
33990.0,AMD Ryzen 3 Dual Core,8,DDR4,64,Windows 11,39.62,512.0,0.0,0.0,HP,0.5,1,4.3
39990.0,Intel Core i5,8,DDR4,64,Windows 11,39.62,512.0,0.0,0.0,RedmiBook,0.5,1,4.1
196990.0,AMD Ryzen 9 Octa Core,16,DDR5,64,Windows 11,39.62,1024.0,0.0,0.0,ASUS,0.5,1,4.5
64990.0,AMD Ryzen 5 Hexa Core,16,DDR4,64,Windows 11,39.62,512.0,0.0,0.0,ASUS,0.5,1,4.4
79990.0,Intel Core i5,16,DDR4,64,Windows 11,39.62,512.0,0.0,0.0,Lenovo,4.0,1,4.2
38705.0,AMD Ryzen 5 Quad Core,8,DDR4,64,Windows 11,39.62,512.0,0.0,0.0,Lenovo,0.5,2,4.2
85990.0,AMD Ryzen 7 Octa Core,16,DDR4,64,Windows 11,39.62,1024.0,0.0,0.0,ASUS,4.0,1,4.6
28990.0,Intel Core i3,8,LPDDR4X,64,Windows 11,35.56,256.0,0.0,0.0,Infinix,0.5,1,4.2
56990.0,AMD Ryzen 5 Dual Core,8,DDR4,64,Windows 11,39.62,512.0,0.0,0.0,ASUS,4.0,1,4.5
81990.0,AMD Ryzen 5 Hexa Core,16,DDR4,64,Windows 11,33.78,512.0,0.0,0.0,HP,0.5,1,4.7
129990.0,Intel Core i7,16,DDR4,64,Windows 10,39.62,1024.0,0.0,0.0,MSI,8.0,2,4.5
35590.0,AMD Ryzen 3 Dual Core,8,DDR4,64,Windows 11,39.62,512.0,0.0,0.0,Lenovo,0.5,2,4.2
150990.0,AMD Ryzen 9 Octa Core,16,DDR4,64,Windows 11,39.62,1024.0,0.0,0.0,ASUS,0.5,1,4.9
38990.0,AMD Ryzen 3 Dual Core,8,DDR4,64,Windows 10,39.62,0.0,1024.0,0.0,DELL,0.5,1,4.0
79990.0,AMD Ryzen 7 Octa Core,16,DDR4,64,Windows 10,39.62,256.0,1024.0,0.0,HP,0.5,1,4.5
36990.0,Intel Core i3,8,DDR4,64,Windows 11,35.56,256.0,0.0,0.0,Lenovo,0.5,2,4.2
39990.0,Intel Core i3,8,DDR4,64,Windows 11,39.62,512.0,0.0,0.0,Lenovo,0.5,2,4.2
139990.0,Apple M2,8,Unified Memory,64,Mac OS,34.54,512.0,0.0,0.0,APPLE,0.5,1,4.7
109990.0,Intel Core i7,16,DDR5,64,Windows 11,43.94,1024.0,0.0,0.0,ASUS,0.5,1,4.1
154990.0,AMD Ryzen 9 Octa Core,16,DDR5,64,Windows 11,39.62,1024.0,0.0,0.0,ASUS,0.5,1,4.5
62990.0,Intel Core i5,16,DDR4,64,Windows 11,39.62,512.0,0.0,0.0,Lenovo,0.5,1,4.2
194990.0,AMD Ryzen 9 Octa Core,16,DDR5,64,Windows 11,39.62,1024.0,0.0,0.0,ASUS,8.0,1,4.5
44990.0,AMD Ryzen 5 Hexa Core,8,DDR4,64,Windows 11,39.62,512.0,0.0,0.0,Lenovo,0.5,2,4.3
47990.0,Intel Core i3,8,DDR4,64,Windows 11,35.56,512.0,0.0,0.0,ASUS,0.5,1,4.4
43667.0,AMD Ryzen 3 Quad Core,8,DDR4,64,Windows 11,39.62,512.0,0.0,0.0,DELL,0.5,1,4.6
135990.0,AMD Ryzen 7 Octa Core,16,DDR5,64,Windows 11,39.62,1024.0,0.0,0.0,ASUS,0.5,1,4.5
36990.0,Intel Core i3,8,DDR4,64,Windows 11,35.56,256.0,0.0,0.0,Lenovo,0.5,2,4.2
98990.0,AMD Ryzen 7 Octa Core,16,DDR5,64,Windows 11,39.62,512.0,0.0,0.0,ASUS,0.5,1,4.4
46990.0,Intel Core i7,16,LPDDR4X,64,Windows 11,35.56,512.0,0.0,0.0,Infinix,0.5,1,4.2
35990.0,Intel Core i3,8,DDR4,64,Windows 11,35.56,256.0,0.0,0.0,ASUS,0.5,1,4.3
39990.0,Intel Core i3,8,DDR4,64,Windows 11,39.62,512.0,0.0,0.0,Lenovo,0.5,2,4.2
109990.0,Intel Core i7,16,DDR5,64,Windows 11,43.94,1024.0,0.0,0.0,ASUS,6.0,1,4.3
139990.0,Apple M2,8,Unified Memory,64,Mac OS,34.54,512.0,0.0,0.0,APPLE,0.5,1,4.3
74770.0,Intel Core i5,8,DDR4,64,Windows 11,35.56,512.0,0.0,0.0,DELL,0.5,1,4.2
39990.0,Intel Core i5,8,DDR4,64,Windows 11,39.62,512.0,0.0,0.0,RedmiBook,0.5,1,4.1
40799.0,AMD Ryzen 3 Quad Core,8,DDR4,64,Windows 11,35.56,512.0,0.0,0.0,HP,0.5,1,4.3
69490.0,Intel Core i5,16,DDR4,64,Windows 10,39.62,512.0,0.0,0.0,ASUS,4.0,1,4.5
39990.0,Intel Core i3,8,DDR4,64,Windows 11,35.56,512.0,0.0,0.0,ASUS,0.5,1,4.2
38705.0,AMD Ryzen 5 Quad Core,8,DDR4,64,Windows 11,39.62,512.0,0.0,0.0,Lenovo,0.5,2,4.2
99990.0,AMD Ryzen 5 Hexa Core,16,LPDDR5,64,Windows 11,33.78,512.0,0.0,0.0,ASUS,0.5,1,4.8
241990.0,Apple M1 Pro,16,Unified Memory,64,Mac OS,41.15,1024.0,0.0,0.0,APPLE,0.5,1,4.8
40990.0,Intel Core i5,8,DDR4,64,Windows 11,39.62,512.0,0.0,0.0,acer,0.5,1,3.9
196990.0,AMD Ryzen 9 Octa Core,16,DDR5,64,Windows 11,39.62,1024.0,0.0,0.0,ASUS,0.5,1,4.5
60390.0,Intel Core i5,8,DDR4,64,Windows 10,39.62,512.0,0.0,0.0,HP,0.5,1,4.4
69990.0,Intel Core i5,8,DDR4,64,Windows 10,39.62,256.0,1024.0,0.0,HP,4.0,1,4.4
44990.0,Intel Core i3,8,DDR4,64,Windows 11,35.56,256.0,0.0,0.0,ASUS,0.5,1,4.0
85990.0,AMD Ryzen 7 Octa Core,16,DDR4,64,Windows 11,39.62,1024.0,0.0,0.0,ASUS,4.0,1,4.6
44990.0,Intel Core i5,8,DDR4,64,Windows 11,39.62,256.0,0.0,0.0,ASUS,0.5,1,4.7
60390.0,Intel Core i5,8,DDR4,64,Windows 10,39.62,512.0,0.0,0.0,HP,0.5,1,4.4
69490.0,Intel Core i5,16,DDR4,64,Windows 10,39.62,512.0,0.0,0.0,ASUS,4.0,1,4.5
40799.0,AMD Ryzen 3 Quad Core,8,DDR4,64,Windows 11,35.56,512.0,0.0,0.0,HP,0.5,1,4.3
39990.0,Intel Core i3,8,DDR4,64,Windows 11,39.62,512.0,0.0,0.0,Lenovo,0.5,2,4.2
39990.0,Intel Core i5,8,DDR4,64,Windows 11,39.62,512.0,0.0,0.0,RedmiBook,0.5,1,4.1
55990.0,AMD Ryzen 5 Hexa Core,16,DDR4,64,Windows 11,39.62,512.0,0.0,0.0,HP,0.5,1,4.3
74990.0,Intel Core i5,16,LPDDR4X,64,Windows 11,35.56,512.0,0.0,0.0,Lenovo,0.5,1,4.2
196990.0,AMD Ryzen 9 Octa Core,16,DDR5,64,Windows 11,39.62,1024.0,0.0,0.0,ASUS,0.5,1,4.5
38705.0,AMD Ryzen 5 Quad Core,8,DDR4,64,Windows 11,39.62,512.0,0.0,0.0,Lenovo,0.5,2,4.2
69990.0,Intel Core i5,8,DDR4,64,Windows 10,39.62,256.0,1024.0,0.0,HP,4.0,1,4.4
44990.0,Intel Core i3,8,DDR4,64,Windows 11,35.56,256.0,0.0,0.0,ASUS,0.5,1,4.0
59990.0,Intel Core i5,8,DDR4,64,Windows 11,39.62,1024.0,0.0,0.0,ASUS,4.0,1,4.5
222990.0,Apple M1 Pro,16,Unified Memory,64,Mac OS,41.15,512.0,0.0,0.0,APPLE,0.5,1,4.8
85990.0,AMD Ryzen 7 Octa Core,16,DDR4,64,Windows 11,39.62,1024.0,0.0,0.0,ASUS,4.0,1,4.6
35590.0,AMD Ryzen 3 Dual Core,8,DDR4,64,Windows 11,39.62,512.0,0.0,0.0,Lenovo,0.5,2,4.2
74770.0,Intel Core i5,8,DDR4,64,Windows 11,35.56,512.0,0.0,0.0,DELL,0.5,1,4.2
109990.0,Intel Core i7,16,DDR5,64,Windows 11,43.94,1024.0,0.0,0.0,ASUS,6.0,1,4.3
150990.0,AMD Ryzen 9 Octa Core,16,DDR4,64,Windows 11,39.62,1024.0,0.0,0.0,ASUS,0.5,1,4.9
36990.0,Intel Core i3,8,DDR4,64,Windows 11,35.56,256.0,0.0,0.0,Lenovo,0.5,2,4.2
62990.0,AMD Ryzen 5 Hexa Core,8,DDR4,64,Windows 11,39.62,512.0,0.0,0.0,acer,4.0,1,4.3
40990.0,Intel Core i5,8,DDR4,64,Windows 11,39.62,512.0,0.0,0.0,acer,0.5,1,3.9
58499.0,Intel Core i5,8,DDR4,64,Windows 10,39.62,512.0,0.0,0.0,MSI,4.0,2,4.5
65990.0,Intel Core i5,8,DDR4,64,Windows 10,39.62,256.0,1024.0,0.0,Lenovo,4.0,1,4.3
36990.0,Intel Core i3,8,DDR4,64,Windows 11,35.56,256.0,0.0,0.0,Lenovo,0.5,2,4.2
39990.0,Intel Core i5,8,DDR4,64,Windows 11,39.62,512.0,0.0,0.0,RedmiBook,0.5,1,4.1
111990.0,Intel Core i7,16,DDR5,64,Windows 11,39.62,512.0,0.0,0.0,DELL,4.0,1,4.0
68490.0,Intel Core i5,16,DDR4,64,Windows 11,39.62,512.0,0.0,0.0,Lenovo,0.5,1,4.2
196990.0,AMD Ryzen 9 Octa Core,16,DDR5,64,Windows 11,39.62,1024.0,0.0,0.0,ASUS,0.5,1,4.5
38705.0,AMD Ryzen 5 Quad Core,8,DDR4,64,Windows 11,39.62,512.0,0.0,0.0,Lenovo,0.5,2,4.2
46990.0,Intel Core i7,16,LPDDR4X,64,Windows 11,35.56,512.0,0.0,0.0,Infinix,0.5,1,4.2
83990.0,Intel Core i5,8,DDR4,64,Windows 10,35.56,0.0,1024.0,0.0,ASUS,2.0,3,4.3
54990.0,Intel Core i5,8,DDR4,64,Windows 11,39.62,512.0,0.0,0.0,acer,4.0,1,4.3
14990.0,Intel Celeron Dual Core,4,LPDDR4,64,Chrome,29.46,0.0,0.0,32.0,ASUS,0.5,1,4.0
85990.0,AMD Ryzen 7 Octa Core,16,DDR4,64,Windows 11,39.62,1024.0,0.0,0.0,ASUS,4.0,1,4.6
35590.0,AMD Ryzen 3 Dual Core,8,DDR4,64,Windows 11,39.62,512.0,0.0,0.0,Lenovo,0.5,2,4.2
149990.0,Apple M1,8,DDR4,64,Mac OS,33.78,1024.0,0.0,0.0,APPLE,0.5,1,4.7
63090.0,Intel Core i5,8,DDR4,64,Windows 10,35.56,512.0,0.0,0.0,DELL,2.0,1,3.9
150990.0,AMD Ryzen 9 Octa Core,16,DDR4,64,Windows 11,39.62,1024.0,0.0,0.0,ASUS,0.5,1,4.9
39990.0,Intel Core i3,8,DDR4,64,Windows 11,39.62,512.0,0.0,0.0,Lenovo,0.5,2,4.2
200000.0,Intel Core i7,16,DDR5,64,Windows 11,39.62,1024.0,0.0,0.0,MSI,8.0,2,4.5
37390.0,Intel Core i3,8,DDR4,64,Windows 11,39.62,256.0,0.0,0.0,Lenovo,0.5,1,4.2
63990.0,Intel Core i5,8,LPDDR4X,64,Windows 11,35.56,512.0,0.0,0.0,ASUS,0.5,1,4.5
43090.0,Intel Core i3,8,DDR4,64,Windows 10,35.56,512.0,0.0,0.0,DELL,0.5,1,4.1
194990.0,AMD Ryzen 9 Octa Core,16,DDR5,64,Windows 11,39.62,1024.0,0.0,0.0,ASUS,8.0,1,4.5
44990.0,AMD Ryzen 5 Hexa Core,8,DDR4,64,Windows 11,39.62,512.0,0.0,0.0,Lenovo,0.5,2,4.3
44700.0,Intel Core i3,4,DDR4,64,Windows 10,39.62,256.0,0.0,0.0,Lenovo,0.5,1,4.1
41150.0,Intel Core i3,8,DDR4,64,Windows 10,35.56,256.0,0.0,0.0,HP,0.5,1,4.4
36990.0,Intel Core i3,8,DDR4,64,Windows 11,35.56,256.0,0.0,0.0,Lenovo,0.5,2,4.2
39990.0,Intel Core i3,8,DDR4,64,Windows 11,39.62,512.0,0.0,0.0,Lenovo,0.5,2,4.2
33990.0,AMD Ryzen 3 Dual Core,8,DDR4,64,Windows 11,39.62,256.0,0.0,0.0,ASUS,0.5,1,4.5
190890.0,Intel Core i7,16,DDR5,64,Windows 11,43.94,1024.0,0.0,0.0,MSI,8.0,2,4.5
174990.0,Intel Core i9,16,LPDDR5,64,Windows 11,34.04,1024.0,0.0,0.0,ASUS,4.0,1,4.5
118990.0,AMD Ryzen 7 Octa Core,16,DDR4,64,Windows 11,40.89,1024.0,0.0,0.0,HP,0.5,1,3.5
39990.0,Intel Core i5,8,DDR4,64,Windows 11,39.62,512.0,0.0,0.0,RedmiBook,0.5,1,4.1
196990.0,AMD Ryzen 9 Octa Core,16,DDR5,64,Windows 11,39.62,1024.0,0.0,0.0,ASUS,0.5,1,4.5
63980.0,Intel Core i5,16,DDR4,64,Windows 11,39.62,512.0,0.0,0.0,ASUS,4.0,1,4.5
54300.0,AMD Ryzen 5 Hexa Core,8,DDR4,64,Windows 11,39.62,512.0,0.0,0.0,acer,0.5,1,4.4
38705.0,AMD Ryzen 5 Quad Core,8,DDR4,64,Windows 11,39.62,512.0,0.0,0.0,Lenovo,0.5,2,4.2
85990.0,AMD Ryzen 7 Octa Core,16,DDR4,64,Windows 11,39.62,1024.0,0.0,0.0,ASUS,4.0,1,4.6
36400.0,AMD Ryzen 3 Dual Core,8,DDR4,64,Windows 11,39.62,256.0,0.0,0.0,DELL,0.5,1,4.2
28590.0,Intel Core i3,4,DDR4,64,Windows 10,39.62,256.0,0.0,0.0,ASUS,0.5,1,4.3
69999.0,AMD Ryzen 5 Hexa Core,16,DDR4,64,Windows 11,40.64,512.0,0.0,0.0,DELL,0.5,1,4.2
301990.0,Intel Core i9,32,DDR5,64,Windows 11,39.62,1024.0,0.0,0.0,ASUS,16.0,1,5.0
35590.0,AMD Ryzen 3 Dual Core,8,DDR4,64,Windows 11,39.62,512.0,0.0,0.0,Lenovo,0.5,2,4.2
150990.0,AMD Ryzen 9 Octa Core,16,DDR4,64,Windows 11,39.62,1024.0,0.0,0.0,ASUS,0.5,1,4.9
37000.0,Intel Core i3,8,DDR4,64,Windows 11,38.1,256.0,0.0,0.0,Lenovo,0.5,2,4.2
64990.0,Intel Core i5,16,DDR4,64,Windows 10,33.02,512.0,0.0,0.0,Lenovo,0.5,1,4.2
73490.0,AMD Ryzen 7 Octa Core,8,DDR4,64,Windows 11,39.62,512.0,0.0,0.0,Lenovo,0.5,1,4.5
194990.0,AMD Ryzen 9 Octa Core,16,DDR5,64,Windows 11,39.62,1024.0,0.0,0.0,ASUS,8.0,1,4.5
42690.0,Intel Core i3,8,DDR4,64,Windows 11,38.0,256.0,0.0,0.0,DELL,0.5,1,4.3
140990.0,AMD Ryzen 7 Octa Core,16,DDR5,64,Windows 11,39.62,1024.0,0.0,0.0,ASUS,0.5,1,5.0
38990.0,Intel Core i3,4,DDR4,64,Windows 10,38.1,256.0,0.0,0.0,Lenovo,0.5,1,4.3
128990.0,Intel Core i7,16,LPDDR4X,64,Windows 11,34.29,512.0,0.0,0.0,HP,0.5,1,4.3
54999.0,Intel Core i3,8,DDR4,64,Windows 11,39.62,512.0,0.0,0.0,acer,0.5,1,4.3
36990.0,Intel Core i3,8,DDR4,64,Windows 11,35.56,256.0,0.0,0.0,Lenovo,0.5,2,4.2
60130.0,Intel Core i5,8,DDR4,64,Windows 10,39.62,256.0,1024.0,0.0,acer,0.5,1,4.1
29490.0,Intel Pentium Silver,8,DDR4,64,Windows 11,35.56,256.0,0.0,0.0,acer,0.5,1,4.3
72490.0,Intel Core i5,8,DDR4,64,Windows 11,35.56,512.0,0.0,0.0,DELL,0.5,1,4.1
39990.0,Intel Core i3,8,DDR4,64,Windows 11,39.62,512.0,0.0,0.0,Lenovo,0.5,2,4.2
73990.0,Intel Core i5,16,DDR4,64,Windows 11,39.62,512.0,0.0,0.0,GIGABYTE,4.0,2,3.0
47130.0,Intel Core i5,8,DDR4,64,Windows 10,39.62,0.0,1024.0,0.0,acer,0.5,1,4.0
55600.0,AMD Ryzen 7 Octa Core,8,DDR4,64,Windows 10,35.56,512.0,0.0,0.0,Lenovo,0.5,1,4.4
39990.0,Intel Core i5,8,DDR4,64,Windows 11,39.62,512.0,0.0,0.0,RedmiBook,0.5,1,4.1
49690.0,AMD Ryzen 5 Quad Core,8,DDR4,64,Windows 10,35.56,512.0,0.0,0.0,DELL,0.5,1,4.4
239990.0,Intel Core i7,32,DDR5,64,Windows 11,40.64,1024.0,0.0,0.0,ASUS,8.0,1,4.5
73990.0,Intel Core i5,16,DDR4,64,Windows 10,39.62,512.0,0.0,0.0,MSI,4.0,2,4.5
38705.0,AMD Ryzen 5 Quad Core,8,DDR4,64,Windows 11,39.62,512.0,0.0,0.0,Lenovo,0.5,2,4.2
52490.0,AMD Ryzen 5 Hexa Core,8,DDR4,64,Windows 10,35.56,512.0,0.0,0.0,HP,0.5,1,4.4
41990.0,Intel Core i3,8,DDR4,64,Windows 11,39.62,512.0,0.0,0.0,HP,0.5,1,4.3
29990.0,Intel Pentium Quad Core,8,DDR4,64,Windows 11,35.56,256.0,0.0,0.0,ASUS,0.5,1,4.3
196990.0,AMD Ryzen 9 Octa Core,16,DDR5,64,Windows 11,39.62,1024.0,0.0,0.0,ASUS,0.5,1,4.5
50490.0,Intel Core i5,8,DDR4,64,Windows 10,35.56,512.0,0.0,0.0,Nokia,0.5,1,4.4
96490.0,Intel Core i7,16,DDR4,64,Windows 10,39.62,512.0,1024.0,0.0,acer,4.0,1,4.4
37990.0,Intel Core i5,16,LPDDR4X,64,Windows 11,35.56,512.0,0.0,0.0,Infinix,0.5,1,4.1
85990.0,AMD Ryzen 7 Octa Core,16,DDR4,64,Windows 11,39.62,1024.0,0.0,0.0,ASUS,4.0,1,4.6
74990.0,Intel Core i5,16,LPDDR4X,64,Windows 10,35.56,512.0,0.0,0.0,MSI,0.5,1,4.5
51990.0,Intel Core i5,8,DDR4,64,Windows 10,39.62,512.0,0.0,0.0,ASUS,2.0,1,4.2
36990.0,Intel Core i3,8,DDR4,64,Windows 11,35.56,256.0,0.0,0.0,Lenovo,0.5,2,4.2
39990.0,Intel Core i3,8,DDR4,64,Windows 11,39.62,512.0,0.0,0.0,Lenovo,0.5,2,4.2
71345.0,AMD Ryzen 5 Hexa Core,8,DDR4,64,Windows 10,39.62,256.0,1024.0,0.0,ASUS,0.5,1,4.5
101490.0,Intel Core i7,16,DDR4,64,Windows 10,39.62,1024.0,0.0,0.0,ASUS,4.0,1,4.5
274990.0,Intel Core i7,32,DDR5,64,Windows 11,39.62,1024.0,0.0,0.0,MSI,8.0,2,4.5
199990.0,AMD Ryzen 9 Octa Core,16,DDR5,64,Windows 11,39.62,1024.0,0.0,0.0,ASUS,0.5,1,4.5
39990.0,Intel Core i5,8,DDR4,64,Windows 11,39.62,512.0,0.0,0.0,RedmiBook,0.5,1,4.1
196990.0,AMD Ryzen 9 Octa Core,16,DDR5,64,Windows 11,39.62,1024.0,0.0,0.0,ASUS,0.5,1,4.5
41090.0,Intel Core i3,8,DDR4,64,Windows 10,35.56,256.0,0.0,0.0,DELL,0.5,1,3.9
50499.0,Intel Core i5,8,DDR4,64,Windows 10,39.62,256.0,0.0,0.0,Lenovo,0.5,2,4.3
38705.0,AMD Ryzen 5 Quad Core,8,DDR4,64,Windows 11,39.62,512.0,0.0,0.0,Lenovo,0.5,2,4.2
85990.0,AMD Ryzen 7 Octa Core,16,DDR4,64,Windows 11,39.62,1024.0,0.0,0.0,ASUS,4.0,1,4.6
78950.0,AMD Ryzen 7 Octa Core,8,DDR4,64,Windows 11,40.89,512.0,0.0,0.0,HP,4.0,1,4.3
67990.0,AMD Ryzen 5 Hexa Core,16,LPDDR4X,64,Windows 11,35.56,512.0,0.0,0.0,Lenovo,0.5,1,4.2
187990.0,AMD Ryzen 9 Octa Core,16,DDR4,64,Windows 11,39.62,1024.0,0.0,0.0,ASUS,0.5,1,4.0
102990.0,Intel Core i7,16,DDR4,64,Windows 10,35.56,1024.0,0.0,0.0,Lenovo,0.5,3,4.2
35590.0,AMD Ryzen 3 Dual Core,8,DDR4,64,Windows 11,39.62,512.0,0.0,0.0,Lenovo,0.5,2,4.2
150990.0,AMD Ryzen 9 Octa Core,16,DDR4,64,Windows 11,39.62,1024.0,0.0,0.0,ASUS,0.5,1,4.9
35990.0,Intel Core i3,4,DDR4,64,DOS,39.62,256.0,0.0,0.0,ASUS,0.5,1,4.5
52575.0,AMD Ryzen 5 Quad Core,8,DDR4,64,Windows 10,39.62,512.0,0.0,0.0,HP,0.5,1,4.4
73490.0,AMD Ryzen 7 Octa Core,8,DDR4,64,Windows 11,39.62,512.0,0.0,0.0,Lenovo,0.5,1,4.5
194990.0,AMD Ryzen 9 Octa Core,16,DDR5,64,Windows 11,39.62,1024.0,0.0,0.0,ASUS,8.0,1,4.5
50990.0,AMD Ryzen 5 Quad Core,8,DDR4,64,Windows 11,39.62,512.0,0.0,0.0,DELL,0.5,1,4.0
60125.0,Intel Core i5,16,DDR4,64,Windows 10,39.62,512.0,0.0,0.0,Lenovo,0.5,1,4.2
26490.0,Intel Celeron Dual Core,4,DDR4,64,Windows 10,29.46,256.0,0.0,0.0,Lenovo,0.5,1,3.9
80249.0,AMD Ryzen 7 Octa Core,8,DDR4,64,Windows 11,40.89,512.0,0.0,0.0,HP,4.0,1,4.3
36990.0,Intel Core i3,8,DDR4,64,Windows 11,35.56,256.0,0.0,0.0,Lenovo,0.5,2,4.2
39990.0,Intel Core i3,8,DDR4,64,Windows 11,39.62,512.0,0.0,0.0,Lenovo,0.5,2,4.2
129999.0,Intel Core i5,128,DDR4,64,Windows 10,39.62,128.0,1024.0,0.0,acer,4.0,1,4.5
76990.0,AMD Ryzen 7 Octa Core,8,DDR4,64,Windows 10,35.56,1024.0,0.0,0.0,ASUS,0.5,1,4.5
39990.0,Intel Core i5,8,DDR4,64,Windows 11,39.62,512.0,0.0,0.0,RedmiBook,0.5,1,4.1
196990.0,AMD Ryzen 9 Octa Core,16,DDR5,64,Windows 11,39.62,1024.0,0.0,0.0,ASUS,0.5,1,4.5
36990.0,Intel Core i3,8,DDR4,64,Windows 10,39.62,512.0,0.0,0.0,ASUS,0.5,1,4.2
107790.0,Intel Core i7,16,DDR4,64,Windows 10,39.62,512.0,0.0,0.0,MSI,4.0,2,4.6
75990.0,Intel Core i5,16,DDR4,64,Windows 11,35.56,512.0,0.0,0.0,DELL,0.5,1,4.2
95990.0,Intel Core i5,16,LPDDR4X,64,Windows 10,35.56,512.0,0.0,0.0,ASUS,0.5,1,4.5
38705.0,AMD Ryzen 5 Quad Core,8,DDR4,64,Windows 11,39.62,512.0,0.0,0.0,Lenovo,0.5,2,4.2
85990.0,AMD Ryzen 7 Octa Core,16,DDR4,64,Windows 11,39.62,1024.0,0.0,0.0,ASUS,4.0,1,4.6
61999.0,Intel Core i5,8,DDR4,64,Windows 11,39.62,512.0,0.0,0.0,acer,4.0,1,3.7
28990.0,Intel Celeron Dual Core,8,DDR4,64,Windows 11,35.56,256.0,0.0,0.0,HP,0.5,1,4.3
35590.0,AMD Ryzen 3 Dual Core,8,DDR4,64,Windows 11,39.62,512.0,0.0,0.0,Lenovo,0.5,2,4.2
150990.0,AMD Ryzen 9 Octa Core,16,DDR4,64,Windows 11,39.62,1024.0,0.0,0.0,ASUS,0.5,1,4.9
54990.0,Intel Core i5,8,DDR4,64,Windows 10,39.62,512.0,0.0,0.0,Lenovo,4.0,1,4.3
56990.0,Intel Core i7,16,DDR4,64,Windows 11,39.62,512.0,0.0,0.0,ASUS,0.5,1,4.5
45990.0,Intel Core i5,8,DDR4,64,Windows 11,35.56,256.0,0.0,0.0,ASUS,0.5,1,5.0
38216.0,Intel Core i3,8,DDR4,64,Windows 11,35.81,512.0,0.0,0.0,ASUS,0.5,1,4.3
36990.0,Intel Core i3,8,DDR4,64,Windows 11,35.56,256.0,0.0,0.0,Lenovo,0.5,2,4.2
39990.0,Intel Core i3,8,DDR4,64,Windows 11,39.62,512.0,0.0,0.0,Lenovo,0.5,2,4.2
79990.0,Intel Core i7,8,DDR4,64,Windows 11,39.62,512.0,0.0,0.0,MSI,4.0,2,4.1
43990.0,Intel Core i3,4,DDR4,64,Windows 10,39.62,256.0,1024.0,0.0,DELL,0.5,1,4.6
39990.0,Intel Core i5,8,DDR4,64,Windows 11,39.62,512.0,0.0,0.0,RedmiBook,0.5,1,4.1
196990.0,AMD Ryzen 9 Octa Core,16,DDR5,64,Windows 11,39.62,1024.0,0.0,0.0,ASUS,0.5,1,4.5
108250.0,AMD Ryzen 7 Octa Core,16,DDR4,64,Windows 11,40.89,1024.0,0.0,0.0,HP,6.0,1,4.3
28990.0,Intel Core i3,4,DDR4,64,Windows 10,39.62,0.0,1024.0,0.0,ASUS,0.5,1,3.7
389990.0,Intel Core i9,32,DDR5,64,Windows 11,43.94,2048.0,0.0,0.0,MSI,16.0,2,4.5
67224.0,Intel Core i5,16,DDR4,64,Windows 11,39.62,512.0,0.0,0.0,DELL,2.0,1,3.7
38705.0,AMD Ryzen 5 Quad Core,8,DDR4,64,Windows 11,39.62,512.0,0.0,0.0,Lenovo,0.5,2,4.2
85990.0,AMD Ryzen 7 Octa Core,16,DDR4,64,Windows 11,39.62,1024.0,0.0,0.0,ASUS,4.0,1,4.6
114990.0,AMD Ryzen 7 Octa Core,16,DDR4,64,Windows 10,39.62,256.0,1024.0,0.0,acer,6.0,1,4.4
61249.0,Intel Core i5,4,DDR4,64,Windows 10,35.56,0.0,1024.0,0.0,ASUS,0.5,1,4.5
35590.0,AMD Ryzen 3 Dual Core,8,DDR4,64,Windows 11,39.62,512.0,0.0,0.0,Lenovo,0.5,2,4.2
150990.0,AMD Ryzen 9 Octa Core,16,DDR4,64,Windows 11,39.62,1024.0,0.0,0.0,ASUS,0.5,1,4.9
69990.0,Intel Core i5,16,DDR4,64,Windows 11,39.62,512.0,0.0,0.0,HP,0.5,1,4.2
69990.0,AMD Ryzen 5 Hexa Core,8,DDR4,64,DOS,35.56,512.0,0.0,0.0,Lenovo,0.5,1,4.5
79990.0,Intel Core i5,16,DDR4,64,Windows 11,39.62,512.0,0.0,0.0,Lenovo,4.0,1,4.2
37990.0,AMD Ryzen 3 Dual Core,8,DDR4,64,Windows 10,39.62,256.0,0.0,0.0,Lenovo,0.5,1,4.4
73490.0,AMD Ryzen 7 Octa Core,8,DDR4,64,Windows 11,39.62,512.0,0.0,0.0,Lenovo,0.5,1,4.5
194990.0,AMD Ryzen 9 Octa Core,16,DDR5,64,Windows 11,39.62,1024.0,0.0,0.0,ASUS,8.0,1,4.5
36990.0,Intel Core i5,8,LPDDR4X,64,Windows 11,35.56,512.0,0.0,0.0,Infinix,0.5,1,4.2
29980.0,Intel Celeron Dual Core,4,DDR4,64,Windows 11,29.46,128.0,0.0,0.0,ASUS,0.5,1,4.2
36990.0,Intel Core i3,8,DDR4,64,Windows 11,35.56,256.0,0.0,0.0,Lenovo,0.5,2,4.2
39990.0,Intel Core i5,8,DDR4,64,Windows 11,39.62,512.0,0.0,0.0,RedmiBook,0.5,1,4.1
95990.0,Intel Core i5,16,LPDDR4X,64,Windows 10,35.56,512.0,0.0,0.0,ASUS,0.5,1,4.5
41600.0,AMD Ryzen 3 Dual Core,8,DDR4,64,Windows 11,39.62,512.0,0.0,0.0,DELL,0.5,1,4.2
67224.0,Intel Core i5,16,DDR4,64,Windows 11,39.62,512.0,0.0,0.0,DELL,2.0,1,3.7
61986.0,Intel Core i5,8,DDR4,64,Windows 11,39.62,512.0,0.0,0.0,ASUS,4.0,1,4.3
196990.0,AMD Ryzen 9 Octa Core,16,DDR5,64,Windows 11,39.62,1024.0,0.0,0.0,ASUS,0.5,1,4.5
38705.0,AMD Ryzen 5 Quad Core,8,DDR4,64,Windows 11,39.62,512.0,0.0,0.0,Lenovo,0.5,2,4.2
61249.0,Intel Core i5,4,DDR4,64,Windows 10,35.56,0.0,1024.0,0.0,ASUS,0.5,1,4.5
38999.0,AMD Ryzen 3 Dual Core,8,DDR4,64,Windows 11,39.62,256.0,0.0,0.0,HP,0.5,1,4.3
85990.0,AMD Ryzen 7 Octa Core,16,DDR4,64,Windows 11,39.62,1024.0,0.0,0.0,ASUS,4.0,1,4.6
35590.0,AMD Ryzen 3 Dual Core,8,DDR4,64,Windows 11,39.62,512.0,0.0,0.0,Lenovo,0.5,2,4.2
31990.0,Intel Core i3,4,DDR4,64,Windows 11,35.56,256.0,0.0,0.0,Lenovo,0.5,1,4.2
37990.0,AMD Ryzen 3 Dual Core,8,DDR4,64,Windows 10,39.62,256.0,0.0,0.0,Lenovo,0.5,1,4.4
29980.0,Intel Celeron Dual Core,4,DDR4,64,Windows 11,29.46,128.0,0.0,0.0,ASUS,0.5,1,4.2
46990.0,Intel Core i5,8,DDR4,64,Windows 11,39.62,512.0,0.0,0.0,ASUS,0.5,1,4.1
150990.0,AMD Ryzen 9 Octa Core,16,DDR4,64,Windows 11,39.62,1024.0,0.0,0.0,ASUS,0.5,1,4.9
73490.0,AMD Ryzen 7 Octa Core,8,DDR4,64,Windows 11,39.62,512.0,0.0,0.0,Lenovo,0.5,1,4.5
37990.0,Intel Core i5,8,LPDDR4X,64,Windows 11,35.56,512.0,0.0,0.0,Infinix,0.5,1,4.1
36990.0,Intel Core i5,8,LPDDR4X,64,Windows 11,35.56,512.0,0.0,0.0,Infinix,0.5,1,4.2
39990.0,Intel Core i3,8,DDR4,64,Windows 11,39.62,512.0,0.0,0.0,Lenovo,0.5,2,4.2
194990.0,AMD Ryzen 9 Octa Core,16,DDR5,64,Windows 11,39.62,1024.0,0.0,0.0,ASUS,8.0,1,4.5
61490.0,AMD Ryzen 5 Hexa Core,8,DDR4,64,Windows 10,39.62,256.0,1024.0,0.0,acer,4.0,1,4.5
109990.0,AMD Ryzen 7 Octa Core,16,DDR4,64,Windows 10,39.62,1024.0,0.0,0.0,HP,6.0,1,4.6
54990.0,AMD Ryzen 5 Hexa Core,8,DDR4,64,Windows 11,39.62,512.0,0.0,0.0,HP,0.5,1,4.2
50990.0,AMD Ryzen 5 Hexa Core,8,DDR4,64,Windows 10,35.56,512.0,0.0,0.0,Lenovo,0.5,2,4.0
36990.0,Intel Core i3,8,DDR4,64,Windows 11,35.56,256.0,0.0,0.0,Lenovo,0.5,2,4.2
39990.0,Intel Core i5,8,DDR4,64,Windows 11,39.62,512.0,0.0,0.0,RedmiBook,0.5,1,4.1
62190.0,Intel Core i5,8,DDR4,64,Windows 10,39.62,0.0,1024.0,0.0,MSI,4.0,2,4.2
24390.0,Intel Celeron Dual Core,4,LPDDR4,64,Chrome,39.62,0.0,0.0,64.0,ASUS,0.5,1,4.0
196990.0,AMD Ryzen 9 Octa Core,16,DDR5,64,Windows 11,39.62,1024.0,0.0,0.0,ASUS,0.5,1,4.5
38705.0,AMD Ryzen 5 Quad Core,8,DDR4,64,Windows 11,39.62,512.0,0.0,0.0,Lenovo,0.5,2,4.2
36990.0,Intel Core i3,8,DDR4,64,Windows 11,39.62,0.0,1024.0,0.0,Lenovo,0.5,2,3.9
159990.0,AMD Ryzen 7 Octa Core,16,DDR4,64,Windows 10,39.62,1024.0,0.0,0.0,HP,8.0,1,4.6
34490.0,Intel Core i3,4,DDR4,64,Windows 11,35.56,256.0,0.0,0.0,ASUS,0.5,1,4.0
99990.0,AMD Ryzen 9 Octa Core,16,DDR4,64,Windows 11,42.16,512.0,0.0,0.0,ASUS,6.0,1,4.4
85990.0,AMD Ryzen 7 Octa Core,16,DDR4,64,Windows 11,39.62,1024.0,0.0,0.0,ASUS,4.0,1,4.6
35590.0,AMD Ryzen 3 Dual Core,8,DDR4,64,Windows 11,39.62,512.0,0.0,0.0,Lenovo,0.5,2,4.2
79990.0,Intel Core i5,8,LPDDR4X,64,Windows 11,33.78,512.0,0.0,0.0,ASUS,0.5,1,4.4
20990.0,Intel Celeron Quad Core,4,LPDDR4X,64,Windows 11,35.56,128.0,0.0,0.0,Infinix,0.5,1,4.2
150990.0,AMD Ryzen 9 Octa Core,16,DDR4,64,Windows 11,39.62,1024.0,0.0,0.0,ASUS,0.5,1,4.9
39990.0,Intel Core i3,8,DDR4,64,Windows 11,39.62,512.0,0.0,0.0,Lenovo,0.5,2,4.2
41490.0,Intel Core i3,8,DDR4,64,Windows 11,39.62,256.0,1024.0,0.0,HP,0.5,1,4.1
206581.0,AMD Ryzen 7 Octa Core,16,DDR5,64,Windows 11,39.62,1024.0,0.0,0.0,DELL,8.0,1,4.2
59990.0,AMD Ryzen 5 Hexa Core,8,DDR4,64,Windows 11,39.62,512.0,0.0,0.0,ASUS,4.0,1,4.5
62990.0,Intel Core i5,16,DDR4,64,Windows 11,39.62,512.0,0.0,0.0,acer,0.5,1,4.3
194990.0,AMD Ryzen 9 Octa Core,16,DDR5,64,Windows 11,39.62,1024.0,0.0,0.0,ASUS,8.0,1,4.5
44990.0,AMD Ryzen 5 Hexa Core,8,DDR4,64,Windows 11,39.62,512.0,0.0,0.0,Lenovo,0.5,2,4.3
194990.0,AMD Ryzen 9 Octa Core,16,DDR5,64,Windows 11,39.62,1024.0,0.0,0.0,ASUS,8.0,1,4.5
62990.0,AMD Ryzen 5 Hexa Core,8,DDR4,64,Windows 10,39.62,256.0,1024.0,0.0,ASUS,0.5,1,4.4
39990.0,Intel Core i5,8,DDR4,64,Windows 11,39.62,512.0,0.0,0.0,RedmiBook,0.5,1,4.1
196990.0,AMD Ryzen 9 Octa Core,16,DDR5,64,Windows 11,39.62,1024.0,0.0,0.0,ASUS,0.5,1,4.5
61990.0,AMD Ryzen 5 Hexa Core,8,DDR4,64,Windows 10,39.62,512.0,0.0,0.0,Lenovo,4.0,1,4.5
105990.0,AMD Ryzen 7 Octa Core,16,DDR5,64,Windows 11,39.62,1024.0,0.0,0.0,ASUS,0.5,1,4.0
155490.0,Intel Core i7,16,DDR5,64,Windows 11,39.62,1024.0,0.0,0.0,acer,6.0,1,5.0
19990.0,Intel Celeron Dual Core,4,LPDDR4,64,Windows 11,35.81,128.0,0.0,0.0,Ultimus,0.5,1,3.0
38705.0,AMD Ryzen 5 Quad Core,8,DDR4,64,Windows 11,39.62,512.0,0.0,0.0,Lenovo,0.5,2,4.2
85990.0,AMD Ryzen 7 Octa Core,16,DDR4,64,Windows 11,39.62,1024.0,0.0,0.0,ASUS,4.0,1,4.6
33499.0,Intel Core i3,4,DDR4,64,Windows 10,39.62,0.0,1024.0,0.0,Lenovo,0.5,1,3.9
42990.0,Intel Core i5,8,LPDDR4X,64,Windows 11,39.62,512.0,0.0,0.0,Infinix,0.5,1,4.3
35590.0,AMD Ryzen 3 Dual Core,8,DDR4,64,Windows 11,39.62,512.0,0.0,0.0,Lenovo,0.5,2,4.2
150990.0,AMD Ryzen 9 Octa Core,16,DDR4,64,Windows 11,39.62,1024.0,0.0,0.0,ASUS,0.5,1,4.9
63990.0,Intel Core i5,8,DDR4,64,Windows 11,39.62,512.0,0.0,0.0,HP,0.5,1,3.9
124990.0,Intel Core i9,16,DDR4,64,Windows 11,39.62,1024.0,0.0,0.0,acer,6.0,1,4.4
21990.0,Intel Celeron Dual Core,4,DDR4,64,Windows 11,29.46,0.0,0.0,64.0,ASUS,0.5,1,4.5
30100.0,Intel Celeron Dual Core,4,DDR4,64,Windows 10,35.56,256.0,0.0,0.0,Lenovo,0.5,1,5.0
36990.0,Intel Core i3,8,DDR4,64,Windows 11,35.56,256.0,0.0,0.0,Lenovo,0.5,2,4.2
39990.0,Intel Core i3,8,DDR4,64,Windows 11,39.62,512.0,0.0,0.0,Lenovo,0.5,2,4.2
199990.0,Intel Core i7,32,DDR5,64,Windows 11,43.94,1024.0,0.0,0.0,HP,8.0,1,4.3
61130.0,Intel Core i5,8,DDR4,64,Windows 11,39.62,256.0,1024.0,0.0,acer,0.5,1,4.5
194990.0,AMD Ryzen 9 Octa Core,16,DDR5,64,Windows 11,39.62,1024.0,0.0,0.0,ASUS,8.0,1,4.5
44990.0,AMD Ryzen 5 Hexa Core,8,DDR4,64,Windows 11,39.62,512.0,0.0,0.0,Lenovo,0.5,2,4.3
40990.0,Intel Core i3,8,DDR4,64,Windows 11,39.62,256.0,1024.0,0.0,Lenovo,0.5,1,4.2
75990.0,Intel Core i5,8,DDR4,64,Windows 10,39.62,1024.0,0.0,0.0,ASUS,4.0,1,4.4
46890.0,Intel Core i3,8,DDR4,64,Windows 11,39.62,512.0,0.0,0.0,HP,0.5,1,4.3
37390.0,Intel Core i3,8,DDR4,64,Windows 11,39.62,256.0,0.0,0.0,Lenovo,0.5,1,4.2
36990.0,Intel Core i3,8,DDR4,64,Windows 11,35.56,256.0,0.0,0.0,Lenovo,0.5,2,4.2
39990.0,Intel Core i3,8,DDR4,64,Windows 11,39.62,512.0,0.0,0.0,Lenovo,0.5,2,4.2
68490.0,Intel Core i5,16,DDR4,64,Windows 11,39.62,512.0,0.0,0.0,Lenovo,0.5,1,4.2
19990.0,Intel Celeron Dual Core,4,DDR4,64,Windows 11,29.46,0.0,0.0,64.0,ASUS,0.5,1,4.0
39990.0,Intel Core i5,8,DDR4,64,Windows 11,39.62,512.0,0.0,0.0,RedmiBook,0.5,1,4.1
196990.0,AMD Ryzen 9 Octa Core,16,DDR5,64,Windows 11,39.62,1024.0,0.0,0.0,ASUS,0.5,1,4.5
89990.0,Intel Core i7,16,DDR4,64,Windows 11,35.56,512.0,0.0,0.0,ASUS,0.5,1,3.8
59790.0,Intel Core i5,8,DDR4,64,Windows 11,39.62,512.0,0.0,0.0,DELL,0.5,1,4.0
125990.0,Intel Core i9,16,DDR4,64,Windows 11,39.62,1024.0,0.0,0.0,MSI,6.0,2,4.1
249990.0,AMD Ryzen 7 Octa Core,32,DDR5,64,Windows 11,40.64,2048.0,0.0,0.0,ASUS,0.5,1,4.5
38705.0,AMD Ryzen 5 Quad Core,8,DDR4,64,Windows 11,39.62,512.0,0.0,0.0,Lenovo,0.5,2,4.2
85990.0,AMD Ryzen 7 Octa Core,16,DDR4,64,Windows 11,39.62,1024.0,0.0,0.0,ASUS,4.0,1,4.6
149990.0,AMD Ryzen 7 Octa Core,16,DDR5,64,Windows 11,39.62,1024.0,0.0,0.0,ASUS,0.5,1,4.0
36990.0,Intel Pentium Quad Core,8,DDR4,64,Windows 11,39.62,256.0,0.0,0.0,DELL,0.5,1,4.8
35590.0,AMD Ryzen 3 Dual Core,8,DDR4,64,Windows 11,39.62,512.0,0.0,0.0,Lenovo,0.5,2,4.2
150990.0,AMD Ryzen 9 Octa Core,16,DDR4,64,Windows 11,39.62,1024.0,0.0,0.0,ASUS,0.5,1,4.9
85990.0,Intel Core i5,16,DDR4,64,Windows 10,39.62,512.0,0.0,0.0,ASUS,4.0,1,4.5
60990.0,AMD Ryzen 7 Octa Core,8,DDR4,64,Windows 10,35.56,512.0,0.0,0.0,HP,0.5,1,4.2
87900.0,Intel Core i5,8,DDR5,64,Windows 11,39.62,512.0,0.0,0.0,DELL,4.0,1,4.4
27490.0,AMD Dual Core,4,DDR4,64,Windows 10,39.62,0.0,1024.0,0.0,Lenovo,0.5,1,4.0
36990.0,Intel Pentium Quad Core,8,DDR4,64,Windows 11,39.62,256.0,0.0,0.0,DELL,0.5,1,4.8
249990.0,AMD Ryzen 7 Octa Core,32,DDR5,64,Windows 11,40.64,2048.0,0.0,0.0,ASUS,0.5,1,4.5
149990.0,AMD Ryzen 7 Octa Core,16,DDR5,64,Windows 11,39.62,1024.0,0.0,0.0,ASUS,0.5,1,4.0
39990.0,Intel Core i5,8,DDR4,64,Windows 11,39.62,512.0,0.0,0.0,RedmiBook,0.5,1,4.1
28999.0,AMD Ryzen 3 Dual Core,8,DDR4,64,Windows 11,35.56,0.0,1024.0,0.0,HP,0.5,1,3.7
87900.0,Intel Core i5,8,DDR5,64,Windows 11,39.62,512.0,0.0,0.0,DELL,4.0,1,4.4
117990.0,Intel Core i7,16,DDR4,64,Windows 10,39.62,512.0,1024.0,0.0,acer,6.0,1,4.5
38705.0,AMD Ryzen 5 Quad Core,8,DDR4,64,Windows 11,39.62,512.0,0.0,0.0,Lenovo,0.5,2,4.2
85990.0,Intel Core i5,16,DDR4,64,Windows 10,39.62,512.0,0.0,0.0,ASUS,4.0,1,4.5
61497.0,Intel Core i5,8,DDR4,64,Windows 11,39.62,256.0,1024.0,0.0,DELL,0.5,1,4.2
70400.0,AMD Ryzen 5 Hexa Core,8,DDR4,64,Windows 11,40.89,512.0,0.0,0.0,HP,4.0,1,4.3
196990.0,AMD Ryzen 9 Octa Core,16,DDR5,64,Windows 11,39.62,1024.0,0.0,0.0,ASUS,0.5,1,4.5
69000.0,Intel Core i5,16,DDR4,64,Windows 10,35.56,512.0,0.0,0.0,Lenovo,2.0,3,4.0
64490.0,AMD Ryzen 5 Hexa Core,8,DDR4,64,Windows 11,39.62,512.0,0.0,0.0,Lenovo,0.5,1,3.7
149990.0,AMD Ryzen 7 Octa Core,16,DDR5,64,Windows 11,39.62,1024.0,0.0,0.0,ASUS,0.5,1,4.5
85990.0,AMD Ryzen 7 Octa Core,16,DDR4,64,Windows 11,39.62,1024.0,0.0,0.0,ASUS,4.0,1,4.6
96579.0,AMD Ryzen 5 Hexa Core,8,DDR5,64,Windows 11,40.89,512.0,0.0,0.0,HP,4.0,1,4.3
101990.0,Intel Core i7,16,DDR4,64,Windows 11,39.62,512.0,0.0,0.0,DELL,4.0,1,4.2
89990.0,Intel Core i7,16,DDR4,64,Windows 11,35.56,512.0,0.0,0.0,ASUS,0.5,1,3.8
35590.0,AMD Ryzen 3 Dual Core,8,DDR4,64,Windows 11,39.62,512.0,0.0,0.0,Lenovo,0.5,2,4.2
94990.0,AMD Ryzen 7 Octa Core,8,DDR5,64,Windows 11,40.89,512.0,0.0,0.0,HP,4.0,1,4.3
314990.0,Intel Core i7,32,DDR5,64,Windows 11,43.94,2048.0,0.0,0.0,MSI,8.0,2,4.5
46900.0,Intel Core i3,8,DDR4,64,Windows 11,38.1,256.0,1024.0,0.0,DELL,0.5,1,4.2
150990.0,AMD Ryzen 9 Octa Core,16,DDR4,64,Windows 11,39.62,1024.0,0.0,0.0,ASUS,0.5,1,4.9
36990.0,Intel Core i3,8,DDR4,64,Windows 11,35.56,256.0,0.0,0.0,Lenovo,0.5,2,4.2
39990.0,Intel Core i3,8,DDR4,64,Windows 11,39.62,512.0,0.0,0.0,Lenovo,0.5,2,4.2
331990.0,Intel Core i9,32,DDR5,64,Windows 11,40.64,2048.0,0.0,0.0,ASUS,0.5,1,4.5
116490.0,Intel Core i7,16,DDR5,64,Windows 11,39.62,1024.0,0.0,0.0,DELL,4.0,1,4.6
64590.0,AMD Ryzen 3 Hexa Core,8,DDR4,64,Windows 10,39.62,512.0,0.0,0.0,HP,4.0,1,4.3
137990.0,Intel Core i7,16,DDR5,64,Windows 11,39.62,1024.0,0.0,0.0,DELL,6.0,1,3.9
39990.0,Intel Core i5,8,DDR4,64,Windows 11,39.62,512.0,0.0,0.0,RedmiBook,0.5,1,4.1
196990.0,AMD Ryzen 9 Octa Core,16,DDR5,64,Windows 11,39.62,1024.0,0.0,0.0,ASUS,0.5,1,4.5
55690.0,Intel Core i5,8,DDR4,64,Windows 10,35.56,512.0,0.0,0.0,DELL,2.0,1,4.1
109990.0,Intel Core i7,16,DDR4,64,Windows 10,39.62,512.0,0.0,0.0,Lenovo,4.0,1,4.2
38705.0,AMD Ryzen 5 Quad Core,8,DDR4,64,Windows 11,39.62,512.0,0.0,0.0,Lenovo,0.5,2,4.2
85990.0,AMD Ryzen 7 Octa Core,16,DDR4,64,Windows 11,39.62,1024.0,0.0,0.0,ASUS,4.0,1,4.6
79990.0,Intel Core i7,8,DDR4,64,Windows 10,39.62,256.0,1024.0,0.0,ASUS,0.5,1,4.5
130500.0,AMD Ryzen 9 Octa Core,16,DDR4,64,Windows 11,40.64,1024.0,0.0,0.0,ASUS,0.5,1,4.5
361990.0,AMD Ryzen 9 Octa Core,32,DDR5,64,Windows 11,40.64,2048.0,0.0,0.0,ASUS,0.5,1,4.5
211990.0,AMD Ryzen 9 Octa Core,16,DDR5,64,Windows 11,40.64,1024.0,0.0,0.0,ASUS,0.5,1,4.5
35590.0,AMD Ryzen 3 Dual Core,8,DDR4,64,Windows 11,39.62,512.0,0.0,0.0,Lenovo,0.5,2,4.2
150990.0,AMD Ryzen 9 Octa Core,16,DDR4,64,Windows 11,39.62,1024.0,0.0,0.0,ASUS,0.5,1,4.9
39890.0,Intel Core i3,4,DDR4,64,Windows 10,38.1,256.0,0.0,0.0,DELL,0.5,1,4.4
139990.0,Intel Core i7,16,DDR4,64,Windows 11,39.62,1024.0,0.0,0.0,MSI,6.0,2,3.7
73490.0,AMD Ryzen 7 Octa Core,8,DDR4,64,Windows 11,39.62,512.0,0.0,0.0,Lenovo,0.5,1,4.5
194990.0,AMD Ryzen 9 Octa Core,16,DDR5,64,Windows 11,39.62,1024.0,0.0,0.0,ASUS,8.0,1,4.5
99990.0,Intel Core i7,16,DDR4,64,Windows 10,39.62,256.0,1024.0,0.0,MSI,6.0,2,4.5
66700.0,Intel Core i5,16,DDR4,64,Windows 10,35.56,512.0,0.0,0.0,HP,0.5,1,4.5
68990.0,Intel Core i5,8,DDR4,64,Windows 10,39.62,256.0,1024.0,0.0,DELL,0.5,1,4.2
434830.0,Intel Core i9,32,DDR4,64,Windows 11,43.94,1024.0,0.0,0.0,DELL,16.0,1,4.2
36990.0,Intel Core i3,8,DDR4,64,Windows 11,35.56,256.0,0.0,0.0,Lenovo,0.5,2,4.2
39990.0,Intel Core i3,8,DDR4,64,Windows 11,39.62,512.0,0.0,0.0,Lenovo,0.5,2,4.2
345390.0,Intel Core i9,32,DDR4,64,Windows 10,39.62,1024.0,0.0,0.0,ALIENWARE,8.0,1,4.6
105822.0,Intel Core i7,16,DDR4,64,Windows 11,39.62,512.0,0.0,0.0,HP,4.0,1,4.3
39990.0,Intel Core i5,8,DDR4,64,Windows 11,39.62,512.0,0.0,0.0,RedmiBook,0.5,1,4.1
196990.0,AMD Ryzen 9 Octa Core,16,DDR5,64,Windows 11,39.62,1024.0,0.0,0.0,ASUS,0.5,1,4.5
28490.0,Intel Celeron Dual Core,4,LPDDR4X,64,Chrome,29.46,0.0,0.0,128.0,Lenovo,0.5,1,3.6
66990.0,Intel Core i5,16,DDR4,64,Windows 10,39.62,512.0,0.0,0.0,Lenovo,2.0,1,4.2
86999.0,Intel Core i5,8,DDR4,64,Windows 11,39.62,512.0,0.0,0.0,acer,4.0,1,3.5
36990.0,Intel Core i3,8,DDR4,64,Windows 10,39.62,256.0,0.0,0.0,ASUS,0.5,1,4.5
38705.0,AMD Ryzen 5 Quad Core,8,DDR4,64,Windows 11,39.62,512.0,0.0,0.0,Lenovo,0.5,2,4.2
85990.0,AMD Ryzen 7 Octa Core,16,DDR4,64,Windows 11,39.62,1024.0,0.0,0.0,ASUS,4.0,1,4.6
23250.0,Intel Celeron Dual Core,4,DDR4,64,Windows 11,29.46,256.0,0.0,0.0,Lenovo,0.5,1,3.7
42390.0,Intel Core i3,8,DDR4,64,Windows 10,35.56,256.0,0.0,0.0,DELL,0.5,1,4.3
35590.0,AMD Ryzen 3 Dual Core,8,DDR4,64,Windows 11,39.62,512.0,0.0,0.0,Lenovo,0.5,2,4.2
150990.0,AMD Ryzen 9 Octa Core,16,DDR4,64,Windows 11,39.62,1024.0,0.0,0.0,ASUS,0.5,1,4.9
58990.0,Intel Core i5,8,DDR4,64,Windows 10,35.56,512.0,0.0,0.0,Lenovo,0.5,1,4.2
110990.0,Intel Core i7,16,DDR4,64,Windows 10,39.62,1024.0,0.0,0.0,ASUS,4.0,1,4.8
74590.0,Intel Core i5,8,DDR4,64,Windows 10,39.62,128.0,1024.0,0.0,acer,4.0,1,4.6
71990.0,AMD Ryzen 5 Hexa Core,8,DDR4,64,Windows 11,39.62,512.0,0.0,0.0,DELL,4.0,1,4.7
194990.0,AMD Ryzen 9 Octa Core,16,DDR5,64,Windows 11,39.62,1024.0,0.0,0.0,ASUS,8.0,1,4.5
44990.0,AMD Ryzen 5 Hexa Core,8,DDR4,64,Windows 11,39.62,512.0,0.0,0.0,Lenovo,0.5,2,4.3
84990.0,Intel Core i5,16,DDR4,64,Windows 10,35.56,512.0,0.0,0.0,Lenovo,0.5,3,4.2
119990.0,AMD Ryzen 7 Octa Core,16,LPDDR5,64,Windows 11,33.78,1024.0,0.0,0.0,ASUS,0.5,1,4.5
36990.0,Intel Core i3,8,DDR4,64,Windows 11,35.56,256.0,0.0,0.0,Lenovo,0.5,2,4.2
39990.0,Intel Core i3,8,DDR4,64,Windows 11,39.62,512.0,0.0,0.0,Lenovo,0.5,2,4.2
214990.0,Intel Core i7,32,DDR4,64,Windows 10,39.62,1024.0,0.0,0.0,MSI,8.0,2,4.5
48790.0,Intel Core i3,8,DDR4,64,Windows 10,35.56,512.0,0.0,0.0,MSI,0.5,1,4.2
76000.0,AMD Ryzen 7 Octa Core,16,DDR4,64,Windows 11,40.64,512.0,0.0,0.0,DELL,0.5,1,4.2
224990.0,AMD Ryzen 9 Octa Core,32,LPDDR4X,64,Windows 10,34.04,1024.0,0.0,0.0,ASUS,0.5,1,5.0
39990.0,Intel Core i5,8,DDR4,64,Windows 11,39.62,512.0,0.0,0.0,RedmiBook,0.5,1,4.1
196990.0,AMD Ryzen 9 Octa Core,16,DDR5,64,Windows 11,39.62,1024.0,0.0,0.0,ASUS,0.5,1,4.5
49990.0,Intel Core i3,8,LPDDR4X,64,Windows 11,39.62,512.0,0.0,0.0,Infinix,0.5,1,4.1
164990.0,Intel Core i7,16,LPDDR5,64,Windows 11,34.04,512.0,0.0,0.0,ASUS,4.0,1,4.5
38705.0,AMD Ryzen 5 Quad Core,8,DDR4,64,Windows 11,39.62,512.0,0.0,0.0,Lenovo,0.5,2,4.2
85990.0,AMD Ryzen 7 Octa Core,16,DDR4,64,Windows 11,39.62,1024.0,0.0,0.0,ASUS,4.0,1,4.6
31490.0,AMD Ryzen 3 Dual Core,8,DDR4,64,Windows 11,39.62,256.0,0.0,0.0,HP,0.5,1,3.9
48077.0,Intel Core i3,8,DDR4,64,Windows 11,39.62,512.0,0.0,0.0,DELL,0.5,1,4.2
154990.0,AMD Ryzen 9 Octa Core,16,DDR4,64,Windows 10,39.62,1024.0,0.0,0.0,ASUS,0.5,1,4.6
224990.0,Intel Core i7,32,DDR4,64,Windows 10,39.62,1024.0,0.0,0.0,ASUS,6.0,1,4.6
35590.0,AMD Ryzen 3 Dual Core,8,DDR4,64,Windows 11,39.62,512.0,0.0,0.0,Lenovo,0.5,2,4.2
150990.0,AMD Ryzen 9 Octa Core,16,DDR4,64,Windows 11,39.62,1024.0,0.0,0.0,ASUS,0.5,1,4.9
44990.0,Intel Core i5,8,DDR4,64,Windows 10,39.62,0.0,1024.0,0.0,ASUS,0.5,1,3.9
65990.0,Intel Core i5,8,DDR4,64,Windows 10,39.62,512.0,0.0,0.0,ASUS,4.0,1,4.4
73490.0,AMD Ryzen 7 Octa Core,8,DDR4,64,Windows 11,39.62,512.0,0.0,0.0,Lenovo,0.5,1,4.5
194990.0,AMD Ryzen 9 Octa Core,16,DDR5,64,Windows 11,39.62,1024.0,0.0,0.0,ASUS,8.0,1,4.5
31990.0,Intel Core i3,8,DDR4,64,Windows 10,35.81,0.0,1024.0,0.0,ASUS,0.5,1,3.9
38980.0,Intel Core i3,8,DDR4,64,Windows 10,35.56,256.0,0.0,0.0,Lenovo,0.5,2,5.0
68990.0,AMD Ryzen 5 Hexa Core,8,DDR4,64,Windows 10,39.62,512.0,0.0,0.0,HP,4.0,1,4.4
43090.0,Intel Core i3,8,DDR4,64,Windows 10,39.62,256.0,0.0,0.0,DELL,0.5,1,4.0
39990.0,Intel Core i3,8,DDR4,64,Windows 11,39.62,512.0,0.0,0.0,Lenovo,0.5,2,4.2
39990.0,Intel Core i5,8,DDR4,64,Windows 11,39.62,512.0,0.0,0.0,RedmiBook,0.5,1,4.1
154990.0,AMD Ryzen 9 Octa Core,16,DDR4,64,Windows 10,39.62,1024.0,0.0,0.0,ASUS,0.5,1,4.6
65990.0,Intel Core i5,8,DDR4,64,Windows 10,39.62,512.0,0.0,0.0,ASUS,4.0,1,4.4
196990.0,AMD Ryzen 9 Octa Core,16,DDR5,64,Windows 11,39.62,1024.0,0.0,0.0,ASUS,0.5,1,4.5
38705.0,AMD Ryzen 5 Quad Core,8,DDR4,64,Windows 11,39.62,512.0,0.0,0.0,Lenovo,0.5,2,4.2
49348.0,Intel Core i3,8,DDR4,64,Windows 11,39.62,512.0,0.0,0.0,DELL,0.5,1,4.2
221774.0,Intel Core i7,16,DDR5,64,Windows 11,39.62,512.0,0.0,0.0,DELL,6.0,1,4.2
73990.0,AMD Ryzen 5 Hexa Core,8,DDR4,64,Windows 10,39.62,512.0,0.0,0.0,Lenovo,4.0,1,4.0
77990.0,AMD Ryzen 7 Octa Core,16,DDR4,64,Windows 11,40.64,512.0,0.0,0.0,DELL,0.5,1,4.2
85990.0,AMD Ryzen 7 Octa Core,16,DDR4,64,Windows 11,39.62,1024.0,0.0,0.0,ASUS,4.0,1,4.6
35590.0,AMD Ryzen 3 Dual Core,8,DDR4,64,Windows 11,39.62,512.0,0.0,0.0,Lenovo,0.5,2,4.2
214790.0,Intel Core i7,16,DDR4,64,Windows 10,39.62,1024.0,0.0,0.0,ALIENWARE,6.0,1,4.1
199990.0,Intel Core i7,16,DDR4,64,Windows 10,39.62,512.0,0.0,0.0,ALIENWARE,6.0,1,4.9
150990.0,AMD Ryzen 9 Octa Core,16,DDR4,64,Windows 11,39.62,1024.0,0.0,0.0,ASUS,0.5,1,4.9
36990.0,Intel Core i3,8,DDR4,64,Windows 11,35.56,256.0,0.0,0.0,Lenovo,0.5,2,4.2
48077.0,Intel Core i3,8,DDR4,64,Windows 11,39.62,512.0,0.0,0.0,DELL,0.5,1,4.2
52414.0,AMD Ryzen 5 Hexa Core,8,DDR4,64,Windows 11,35.56,512.0,0.0,0.0,DELL,0.5,1,4.2
179990.0,Intel Core i7,16,DDR5,64,Windows 11,40.64,1024.0,0.0,0.0,ASUS,0.5,1,5.0
25990.0,Intel Celeron Dual Core,4,LPDDR4,64,Chrome,35.56,0.0,0.0,64.0,ASUS,0.5,1,4.1
36990.0,Intel Core i3,8,DDR4,64,Windows 11,35.56,256.0,0.0,0.0,Lenovo,0.5,2,4.2
39990.0,Intel Core i3,8,DDR4,64,Windows 11,39.62,512.0,0.0,0.0,Lenovo,0.5,2,4.2
80615.0,Intel Core i5,16,DDR4,64,Windows 11,35.56,512.0,0.0,0.0,DELL,0.5,1,4.2
155990.0,AMD Ryzen 7 Octa Core,16,DDR5,64,Windows 11,39.62,1024.0,0.0,0.0,ASUS,0.5,1,4.5
39990.0,Intel Core i5,8,DDR4,64,Windows 11,39.62,512.0,0.0,0.0,RedmiBook,0.5,1,4.1
196990.0,AMD Ryzen 9 Octa Core,16,DDR5,64,Windows 11,39.62,1024.0,0.0,0.0,ASUS,0.5,1,4.5
49990.0,Intel Core i7,16,LPDDR4X,64,Windows 11,35.56,512.0,0.0,0.0,Infinix,0.5,1,3.6
157990.0,Intel Core i7,16,DDR4,64,Windows 11,40.64,1024.0,0.0,0.0,Lenovo,6.0,3,4.6
92990.0,Intel Core i5,16,DDR5,64,Windows 11,39.62,512.0,0.0,0.0,ASUS,4.0,1,4.5
171990.0,AMD Ryzen 7 Octa Core,16,DDR5,64,Windows 11,40.64,1024.0,0.0,0.0,ASUS,0.5,1,4.5
38705.0,AMD Ryzen 5 Quad Core,8,DDR4,64,Windows 11,39.62,512.0,0.0,0.0,Lenovo,0.5,2,4.2
85990.0,AMD Ryzen 7 Octa Core,16,DDR4,64,Windows 11,39.62,1024.0,0.0,0.0,ASUS,4.0,1,4.6
44990.0,Intel Core i5,8,DDR4,64,Windows 10,39.62,0.0,1024.0,0.0,ASUS,0.5,1,3.9
151990.0,AMD Ryzen 9 Octa Core,16,LPDDR5,64,Windows 11,34.04,1024.0,0.0,0.0,ASUS,4.0,1,4.5
35590.0,AMD Ryzen 3 Dual Core,8,DDR4,64,Windows 11,39.62,512.0,0.0,0.0,Lenovo,0.5,2,4.2
150990.0,AMD Ryzen 9 Octa Core,16,DDR4,64,Windows 11,39.62,1024.0,0.0,0.0,ASUS,0.5,1,4.9
233990.0,Intel Core i7,16,LPDDR3,64,Windows 10,35.56,2048.0,0.0,0.0,ASUS,0.5,3,4.5
76590.0,Intel Core i5,16,DDR5,64,Windows 11,33.78,512.0,0.0,0.0,DELL,0.5,1,4.2
90000.0,AMD Ryzen 7 Octa Core,16,DDR4,64,Windows 10,39.62,512.0,0.0,0.0,HP,4.0,1,4.6
23490.0,Intel Celeron Dual Core,4,LPDDR4,64,Chrome,29.46,0.0,0.0,64.0,ASUS,0.5,1,4.0
73490.0,AMD Ryzen 7 Octa Core,8,DDR4,64,Windows 11,39.62,512.0,0.0,0.0,Lenovo,0.5,1,4.5
194990.0,AMD Ryzen 9 Octa Core,16,DDR5,64,Windows 11,39.62,1024.0,0.0,0.0,ASUS,8.0,1,4.5
125990.0,Intel Core i7,16,LPDDR5,64,Windows 11,35.56,512.0,0.0,0.0,ASUS,0.5,1,3.0
50990.0,Intel Core i5,8,DDR4,64,Windows 10,39.62,256.0,1024.0,0.0,Lenovo,0.5,1,4.2
